SET NAMES UTF8MB4;
SET FOREIGN_KEY_CHECKS = 0;

-- ----------------------------
-- TABLE STRUCTURE FOR AUTH_MENU
-- ----------------------------
DROP TABLE IF EXISTS `AUTH_MENU`;
CREATE TABLE `AUTH_MENU`  (
  `ID` VARCHAR(32) CHARACTER SET UTF8MB4 COLLATE UTF8MB4_GENERAL_CI NOT NULL COMMENT '主键ID',
  `PARENT_ID` VARCHAR(32) CHARACTER SET UTF8MB4 COLLATE UTF8MB4_GENERAL_CI NULL DEFAULT NULL COMMENT '父节点ID',
  `MENU_NAME` VARCHAR(128) CHARACTER SET UTF8MB4 COLLATE UTF8MB4_GENERAL_CI NULL DEFAULT NULL COMMENT '权限名称',
  `PATH` VARCHAR(128) CHARACTER SET UTF8MB4 COLLATE UTF8MB4_GENERAL_CI NULL DEFAULT NULL COMMENT '请求路径',
  `TYPE` INT(11) NULL DEFAULT NULL COMMENT '权限类型',
  `ICON` VARCHAR(128) CHARACTER SET UTF8MB4 COLLATE UTF8MB4_GENERAL_CI NULL DEFAULT NULL COMMENT '图标',
  `BH` VARCHAR(1024) CHARACTER SET UTF8MB4 COLLATE UTF8MB4_GENERAL_CI NULL DEFAULT NULL COMMENT '节点路径',
  `DETAIL` VARCHAR(1024) CHARACTER SET UTF8MB4 COLLATE UTF8MB4_GENERAL_CI NULL DEFAULT NULL COMMENT '权限值定义',
  `DESCRIPTION` VARCHAR(1024) CHARACTER SET UTF8MB4 COLLATE UTF8MB4_GENERAL_CI NULL DEFAULT NULL COMMENT '权限描述',
  `APP` VARCHAR(32) CHARACTER SET UTF8MB4 COLLATE UTF8MB4_GENERAL_CI NULL DEFAULT NULL COMMENT '应用标识',
  `PRIORITY` INT(11) NULL DEFAULT NULL COMMENT '排序',
  `DISPLAY_TYPE` INT(11) NULL DEFAULT NULL COMMENT '展示方式',
  `IS_SHOW` INT(1) NULL DEFAULT NULL COMMENT '是否显示,0：false，1：true',
  `CREATOR` VARCHAR(32) CHARACTER SET UTF8MB4 COLLATE UTF8MB4_GENERAL_CI NULL DEFAULT NULL COMMENT '创建者',
  `CREATE_TIME` DATETIME(0) NULL DEFAULT NULL COMMENT '创建时间',
  `EDITOR` VARCHAR(32) CHARACTER SET UTF8MB4 COLLATE UTF8MB4_GENERAL_CI NULL DEFAULT NULL COMMENT '编辑人',
  `EDIT_TIME` DATETIME(0) NULL DEFAULT NULL COMMENT '更新时间',
  PRIMARY KEY (`ID`) USING BTREE
) ENGINE = INNODB CHARACTER SET = UTF8MB4 COLLATE = UTF8MB4_GENERAL_CI COMMENT = '用户权限' ROW_FORMAT = DYNAMIC;

-- ----------------------------
-- RECORDS OF AUTH_MENU
-- ----------------------------
INSERT INTO `AUTH_MENU` VALUES ('10000', NULL, '系统', '/system', 0, NULL, '1000', NULL, '开启后角色可访问浏览系统模块', 'aicc_bp', NULL, 0, NULL, NULL, NULL, NULL, NULL);
INSERT INTO `AUTH_MENU` VALUES ('1000000', NULL, '坐席工作台-登录访问', '/workbench', 0, NULL, '1001', NULL, '开启后角色可登录访问坐席工作台', 'aicc_wb', NULL, 0, NULL, NULL, NULL, NULL, NULL);
INSERT INTO `AUTH_MENU` VALUES ('11000', '10000', '操作记录', '/system/operation_log', 0, NULL, '1000.1000', NULL, '开启后角色可访问浏览操作记录页面', 'aicc_bp', NULL, 0, NULL, NULL, NULL, NULL, NULL);
INSERT INTO `AUTH_MENU` VALUES ('1100000', '1000000', '工作报表', '/workreport', 0, NULL, '1001.1000', NULL, '开启后角色可访问浏览工作报表模块', 'aicc_wb', NULL, 0, NULL, NULL, NULL, NULL, NULL);
INSERT INTO `AUTH_MENU` VALUES ('11001', '11000', '查询操作记录', '/system/operation_log/getPaged_get', 1, NULL, '1000.1000.1000L', NULL, NULL, 'aicc_bp', NULL, 0, NULL, NULL, NULL, NULL, NULL);
INSERT INTO `AUTH_MENU` VALUES ('1120000', '1100000', '数据分析', '/workreport/dataReport/analyze', 0, NULL, '1001.1000.1000', NULL, '开启后角色可访问浏览坐席报表页面', 'aicc_wb', NULL, 0, NULL, NULL, NULL, NULL, NULL);
INSERT INTO `AUTH_MENU` VALUES ('1121000', '1120000', '访客排队分析', '/workreport/queue', 0, NULL, '1001.1000.1000.1000L', NULL, NULL, 'aicc_wb', NULL, 0, NULL, NULL, NULL, NULL, NULL);
INSERT INTO `AUTH_MENU` VALUES ('1122000', '1120000', '咨询评价分析', '/workreport/dataReport/analyze/evaluation', 0, NULL, '1001.1000.1000.1001L', NULL, NULL, 'aicc_wb', NULL, 0, NULL, NULL, NULL, NULL, NULL);
INSERT INTO `AUTH_MENU` VALUES ('1130000', '1100000', '绩效分析', '/workreport/dataReport/performance', 0, NULL, '1001.1000.1001', NULL, '开启后角色可访问浏览绩效分析页面', 'aicc_wb', NULL, 0, NULL, NULL, NULL, NULL, NULL);
INSERT INTO `AUTH_MENU` VALUES ('1131000', '1130000', '工作时长统计', '/workreport/dataReport/performance/workHoursStatistics', 0, NULL, '1001.1000.1001.1000L', NULL, NULL, 'aicc_wb', NULL, 0, NULL, NULL, NULL, NULL, NULL);
INSERT INTO `AUTH_MENU` VALUES ('1140000', '1100000', 'KPI统计', '/workreport/dataReport/kpi', 0, NULL, '1001.1000.1002', NULL, '开启后角色可访问浏览数据概况页面', 'aicc_wb', NULL, 0, NULL, NULL, NULL, NULL, NULL);
INSERT INTO `AUTH_MENU` VALUES ('1141000', '1140000', 'KPI详情', '/workreport/dataReport/kpi/detail', 0, NULL, '1001.1000.1002.1000L', NULL, NULL, 'aicc_wb', NULL, 0, NULL, NULL, NULL, NULL, NULL);
INSERT INTO `AUTH_MENU` VALUES ('12000', '10000', '自定义字段', '/system/custom_field', 0, NULL, '1000.1001', NULL, '开启后角色可访问浏览自定义字段页面', 'aicc_bp', NULL, 0, NULL, NULL, NULL, NULL, NULL);
INSERT INTO `AUTH_MENU` VALUES ('1200000', '1000000', '会话记录', '/chatlog', 0, NULL, '1001.1001', NULL, '开启后角色可访问浏览会话记录模块', 'aicc_wb', NULL, 0, NULL, NULL, NULL, NULL, NULL);
INSERT INTO `AUTH_MENU` VALUES ('12100', '12000', '新建/编辑字段', NULL, 2, NULL, '1000.1001.1000', NULL, '开启后角色可创建新的字段并对已有字段进行编辑、删除。', 'aicc_bp', NULL, 0, NULL, NULL, NULL, NULL, NULL);
INSERT INTO `AUTH_MENU` VALUES ('1210000', '1200000', '历史会话记录查询范围', '/chatlog/ChatHistory', 2, NULL, '1001.1001.1000', '[{"name":"仅可查看自己","value":"jkckzj"},{"name":"可查看所在坐席组","value":"ckszzxz"},{"name":"可查看所属技能组","value":"ckssjnz"},{\"name\":\"可查看所有\",\"value\":\"ALL\"}]', '设定角色可查询的会话记录范围', 'aicc_wb', NULL, 2, NULL, NULL, NULL, NULL, NULL);
INSERT INTO `AUTH_MENU` VALUES ('12101', '12100', '新增字段', '/system/custom_field/insert_post', 1, NULL, '1000.1001.1000.1000L', NULL, NULL, 'aicc_bp', NULL, 0, NULL, NULL, NULL, NULL, NULL);
INSERT INTO `AUTH_MENU` VALUES ('12102', '12100', '删除字段', '/system/custom_field/delete_delete', 1, NULL, '1000.1001.1000.1001L', NULL, NULL, 'aicc_bp', NULL, 0, NULL, NULL, NULL, NULL, NULL);
INSERT INTO `AUTH_MENU` VALUES ('12103', '12100', '编辑字段', '/system/custom_field/update_put', 1, NULL, '1000.1001.1000.1002L', NULL, NULL, 'aicc_bp', NULL, 0, NULL, NULL, NULL, NULL, NULL);
INSERT INTO `AUTH_MENU` VALUES ('12104', '12000', '查询字段', '/system/custom_field/getPaged_get', 1, NULL, '1000.1001.1001L', NULL, NULL, 'aicc_bp', NULL, 0, NULL, NULL, NULL, NULL, NULL);
INSERT INTO `AUTH_MENU` VALUES ('1220000', '1210000', '查看会话记录设置', '/slog/list_post', 1, NULL, '1001.1001.1000.1000L', NULL, NULL, 'aicc_wb', NULL, 0, NULL, NULL, NULL, NULL, NULL);
INSERT INTO `AUTH_MENU` VALUES ('1230000', '1210000', '导出会话记录设置', '/slog/export_post', 1, NULL, '1001.1001.1000.1001L', NULL, '开启后角色可导出会话记录', 'aicc_wb', NULL, 0, NULL, NULL, NULL, NULL, NULL);
INSERT INTO `AUTH_MENU` VALUES ('1240000', '1210000', '查看会话详情设置', '/chathistory/list_get', 1, NULL, '1001.1001.1000.1002L', NULL, '', 'aicc_wb', NULL, NULL, NULL, NULL, NULL, NULL, NULL);
INSERT INTO `AUTH_MENU` VALUES ('1250000', '1210000', '导出会话详情设置', '/chathistory/export_get', 1, NULL, '1001.1001.1000.1003L', NULL, NULL, 'aicc_wb', NULL, NULL, NULL, NULL, NULL, NULL, NULL);
INSERT INTO `AUTH_MENU` VALUES ('13000', '10000', '公告管理', NULL, 0, NULL, '1000.1002', NULL, '开启后角色可访问浏览公告管理页面', 'aicc_bp', NULL, 0, 0, NULL, NULL, NULL, NULL);
INSERT INTO `AUTH_MENU` VALUES ('1300000', '1000000', '个人设置', '/setting', 0, NULL, '1001.1002L', NULL, '开启后角色可访问浏览个人设置模块', 'aicc_wb', NULL, 0, NULL, NULL, NULL, NULL, NULL);
INSERT INTO `AUTH_MENU` VALUES ('13100', '13000', '新建/编辑公告', NULL, 2, NULL, '1000.1002.1000L', NULL, '开启后角色可创建新的公告并对已有公告进行编辑、发布、删除', 'aicc_bp', NULL, 0, NULL, NULL, NULL, NULL, NULL);
INSERT INTO `AUTH_MENU` VALUES ('14000', '10000', '订单管理', NULL, 0, NULL, '1000.1003L', NULL, '开启后角色可访问浏览订单管理页面', 'aicc_bp', NULL, 0, 0, NULL, NULL, NULL, NULL);
INSERT INTO `AUTH_MENU` VALUES ('1400000', '1000000', '当前会话', '/chat', 0, NULL, '1001.1003', NULL, '开启后角色可访问浏览当前会话模块', 'aicc_wb', NULL, 0, NULL, NULL, NULL, NULL, NULL);
INSERT INTO `AUTH_MENU` VALUES ('1410000', '1400000', '会话转接范围', '/chat/zhuanjie', 2, NULL, '1001.1003.1000L', '[{\"name\":\"所有技能组\",\"value\":\"ALL\"},{\"name\":\"自定义技能组\",\"value\":\"zdykz\"}]', '设定角色可转接会话的技能组范围', 'aicc_wb', NULL, 2, NULL, NULL, NULL, NULL, NULL);
INSERT INTO `AUTH_MENU` VALUES ('15000', '10000', '企业账户信息', NULL, 0, NULL, '1000.1004', NULL, '开启后角色可访问浏览企业账户信息页面', 'aicc_bp', NULL, 0, 0, NULL, NULL, NULL, NULL);
INSERT INTO `AUTH_MENU` VALUES ('15100', '15000', '企业账户信息修改', NULL, 2, NULL, '1000.1004.1000L', NULL, '开启后角色可修改企业账户信息预留的联系人、联系电话、联系邮箱', 'aicc_bp', NULL, 0, NULL, NULL, NULL, NULL, NULL);
INSERT INTO `AUTH_MENU` VALUES ('16000', '10000', '路由策略管理', '/system/strategy', 0, NULL, '1000.1005', NULL, '开启后角色可访问路由策略管理页面', 'aicc_bp', NULL, 0, NULL, NULL, NULL, NULL, NULL);
INSERT INTO `AUTH_MENU` VALUES ('1600000', '1000000', '访客留言', '/leaveword', 0, NULL, '1001.1005L', NULL, '开启后角色可访问浏览访客留言模块', 'aicc_wb', NULL, 0, NULL, NULL, NULL, NULL, NULL);
INSERT INTO `AUTH_MENU` VALUES ('16100', '16000', '查看渠道信息', '/acd/getChannels_get', 1, NULL, '1000.1005.1000L', NULL, NULL, 'aicc_bp', NULL, 0, NULL, NULL, NULL, NULL, NULL);
INSERT INTO `AUTH_MENU` VALUES ('16200', '16000', '查看技能组列表', '/skill/listSkillGroup_get', 1, NULL, '1000.1005.1001L', NULL, NULL, 'aicc_bp', NULL, 0, NULL, NULL, NULL, NULL, NULL);
INSERT INTO `AUTH_MENU` VALUES ('16300', '16000', '编辑策略', '/acd/editAcd_post', 1, NULL, '1000.1005.1002L', NULL, NULL, 'aicc_bp', NULL, 0, NULL, NULL, NULL, NULL, NULL);
INSERT INTO `AUTH_MENU` VALUES ('16400', '16000', '查看渠道列表', '/acd/listAcds_get', 1, NULL, '1000.1005.1003L', NULL, NULL, 'aicc_bp', NULL, 0, NULL, NULL, NULL, NULL, NULL);
INSERT INTO `AUTH_MENU` VALUES ('16500', '16000', '删除策略', '/acd/deleteAcd_delete', 1, NULL, '1000.1005.1004L', NULL, NULL, 'aicc_bp', NULL, 0, NULL, NULL, NULL, NULL, NULL);
INSERT INTO `AUTH_MENU` VALUES ('16600', '16000', '查看策略', '/acd/getAcdById_get', 1, NULL, '1000.1005.1005L', NULL, NULL, 'aicc_bp', NULL, 0, NULL, NULL, NULL, NULL, NULL);
INSERT INTO `AUTH_MENU` VALUES ('16700', '16000', '校验策略名称', '/acd/getAcdByNameAndId_get', 1, NULL, '1000.1005.1006L', NULL, NULL, 'aicc_bp', NULL, 0, NULL, NULL, NULL, NULL, NULL);
INSERT INTO `AUTH_MENU` VALUES ('17000', '10000', '路由策略应用', '/system/strategyApply', 0, NULL, '1000.1006', NULL, '开启后角色可访问路由策略应用页面', 'aicc_bp', NULL, 0, NULL, NULL, NULL, NULL, NULL);
INSERT INTO `AUTH_MENU` VALUES ('1700000', '1000000', '任务概览', '/overview', 0, NULL, '1001.1006L', NULL, '开启后角色可访问浏览任务概览模块', 'aicc_wb', NULL, 0, NULL, NULL, NULL, NULL, NULL);
INSERT INTO `AUTH_MENU` VALUES ('17100', '17000', '获取平台策略列表', '/acd/platform/listPlatformAcds_get', 1, NULL, '1000.1006.1000L', NULL, NULL, 'aicc_bp', NULL, 0, NULL, NULL, NULL, NULL, NULL);
INSERT INTO `AUTH_MENU` VALUES ('17200', '17000', '根据id获取平台策略信息', '/acd/platform/getPlatformAcdById_get', 1, NULL, '1000.1006.1001L', NULL, NULL, 'aicc_bp', NULL, 0, NULL, NULL, NULL, NULL, NULL);
INSERT INTO `AUTH_MENU` VALUES ('17300', '17000', '保存平台策略', '/acd/platform/savePlatformAcd_post', 1, NULL, '1000.1006.1002L', NULL, NULL, 'aicc_bp', NULL, 0, NULL, NULL, NULL, NULL, NULL);
INSERT INTO `AUTH_MENU` VALUES ('17400', '17000', '根据id获取平台策略信息', '/acd/platform/deletePlatformAcdById_delete', 1, NULL, '1000.1006.1003L', NULL, NULL, 'aicc_bp', NULL, 0, NULL, NULL, NULL, NULL, NULL);
INSERT INTO `AUTH_MENU` VALUES ('17500', '17000', '获取平台信息', '/acd/platform/getPlatforms_get', 1, NULL, '1000.1006.1004L', NULL, NULL, 'aicc_bp', NULL, 0, NULL, NULL, NULL, NULL, NULL);
INSERT INTO `AUTH_MENU` VALUES ('17600', '17000', '根据channelids获取策略', '/acd/platform/getAcdByChannelIds_post', 1, NULL, '1000.1006.1005L', NULL, NULL, 'aicc_bp', NULL, 0, NULL, NULL, NULL, NULL, NULL);
INSERT INTO `AUTH_MENU` VALUES ('1800000', '1000000', '主管监控', '/watch', 0, NULL, '1001.1007L', NULL, '开启后角色可访问浏览主管监控模块', 'aicc_wb', NULL, 0, NULL, NULL, NULL, NULL, NULL);
INSERT INTO `AUTH_MENU` VALUES ('20000', NULL, '用户', '/user', 0, NULL, '1002', NULL, '开启后角色可访问浏览用户模块', 'aicc_bp', NULL, 0, NULL, NULL, NULL, NULL, NULL);
INSERT INTO `AUTH_MENU` VALUES ('21000', '20000', '技能组管理', '/user/sgmgr', 0, NULL, '1002.1000', NULL, '开启后角色可访问浏览技能组管理页面', 'aicc_bp', NULL, 0, NULL, NULL, NULL, NULL, NULL);
INSERT INTO `AUTH_MENU` VALUES ('21100', '21000', '技能组管理操作', '/user/sgmgr/operate', 2, NULL, '1002.1000.1000', NULL, '开启后角色可创建技能组、删除已有技能组、编辑已有技能组（成员、业务）', 'aicc_bp', NULL, 0, NULL, NULL, NULL, NULL, NULL);
INSERT INTO `AUTH_MENU` VALUES ('21101', '21000', '查看技能组', '/skill/listSkillGroup_get', 1, NULL, '1002.1000.1001L', NULL, NULL, 'aicc_bp', NULL, 0, NULL, NULL, NULL, NULL, NULL);
INSERT INTO `AUTH_MENU` VALUES ('21102', '21100', '新增技能组', '/skill/addSkillGroup_post', 1, NULL, '1002.1000.1000.1000L', NULL, NULL, 'aicc_bp', NULL, 0, NULL, NULL, NULL, NULL, NULL);
INSERT INTO `AUTH_MENU` VALUES ('21103', '21100', '删除技能组', '/skill/deleteSkillGroup_delete', 1, NULL, '1002.1000.1000.1001L', NULL, NULL, 'aicc_bp', NULL, 0, NULL, NULL, NULL, NULL, NULL);
INSERT INTO `AUTH_MENU` VALUES ('21104', '21000', '查看坐席组', '/ug/getUserGroupTree_get', 1, NULL, '1002.1000.1002L', NULL, NULL, 'aicc_bp', NULL, 0, NULL, NULL, NULL, NULL, NULL);
INSERT INTO `AUTH_MENU` VALUES ('21105', '21000', '查看技能组成员', '/skill/listSkillGroupUser_get', 1, NULL, '1002.1000.1003L', NULL, NULL, 'aicc_bp', NULL, 0, NULL, NULL, NULL, NULL, NULL);
INSERT INTO `AUTH_MENU` VALUES ('21106', '21100', '添加技能组成员', '/skill/addSkillGroupMem_post', 1, NULL, '1002.1000.1000.1002L', NULL, NULL, 'aicc_bp', NULL, 0, NULL, NULL, NULL, NULL, NULL);
INSERT INTO `AUTH_MENU` VALUES ('21107', '21100', '删除技能组成员', '/skill/deleteSkillGroupMember_delete', 1, NULL, '1002.1000.1000.1003L', NULL, NULL, 'aicc_bp', NULL, 0, NULL, NULL, NULL, NULL, NULL);
INSERT INTO `AUTH_MENU` VALUES ('21108', '21000', '查看技能组设置', '/skill/getSkillGroupSetting_get', 1, NULL, '1002.1000.1004L', NULL, NULL, 'aicc_bp', NULL, 0, NULL, NULL, NULL, NULL, NULL);
INSERT INTO `AUTH_MENU` VALUES ('21109', '21100', '添加技能组设置', '/skill/addSkillGroupSetting_post', 1, NULL, '1002.1000.1000.1004L', NULL, NULL, 'aicc_bp', NULL, 0, NULL, NULL, NULL, NULL, NULL);
INSERT INTO `AUTH_MENU` VALUES ('22000', '20000', '角色权限管理', '/user/rolemgr', 0, NULL, '1002.1001', NULL, '开启后角色可访问浏览角色权限管理页面', 'aicc_bp', NULL, 0, NULL, NULL, NULL, NULL, NULL);
INSERT INTO `AUTH_MENU` VALUES ('22100', '22000', '角色权限管理操作', '/user/rolemgr/operate', 2, NULL, '1002.1001.1000', NULL, '开启后角色可创建新角色、编辑已有角色权限、删除已有角色', 'aicc_bp', NULL, 0, NULL, NULL, NULL, NULL, NULL);
INSERT INTO `AUTH_MENU` VALUES ('22101', '22100', '新建角色', '/role/editRole_post', 1, NULL, '1002.1001.1000.1000L', NULL, NULL, 'aicc_bp', NULL, 0, NULL, NULL, NULL, NULL, NULL);
INSERT INTO `AUTH_MENU` VALUES ('22102', '22100', '删除角色', '/role/deleteRole_delete', 1, NULL, '1002.1001.1000.1001L', NULL, NULL, 'aicc_bp', NULL, 0, NULL, NULL, NULL, NULL, NULL);
INSERT INTO `AUTH_MENU` VALUES ('22103', '22100', '修改角色', '/role/editRole_post', 1, NULL, '1002.1001.1000.1002L', NULL, NULL, 'aicc_bp', NULL, 0, NULL, NULL, NULL, NULL, NULL);
INSERT INTO `AUTH_MENU` VALUES ('22104', '22000', '查看角色', '/role/listRoles_get', 1, NULL, '1002.1001.1001L', NULL, NULL, 'aicc_bp', NULL, 0, NULL, NULL, NULL, NULL, NULL);
INSERT INTO `AUTH_MENU` VALUES ('22105', '22100', '查看角色类型列表', '/role/listRoleType_get', 1, NULL, '1002.1001.1000.1003L', NULL, NULL, 'aicc_bp', NULL, 0, NULL, NULL, NULL, NULL, NULL);
INSERT INTO `AUTH_MENU` VALUES ('22106', '22100', '查看坐席组', '/ug/getUserGroupTree_get', 1, NULL, '1002.1001.1000.1004L', NULL, NULL, 'aicc_bp', NULL, 0, NULL, NULL, NULL, NULL, NULL);
INSERT INTO `AUTH_MENU` VALUES ('22107', '22100', '查看技能组', '/skill/listSkillGroup_get', 1, NULL, '1002.1001.1000.1005L', NULL, NULL, 'aicc_bp', NULL, 0, NULL, NULL, NULL, NULL, NULL);
INSERT INTO `AUTH_MENU` VALUES ('22108', '22100', '查看具体角色', '/role/getRole_get', 1, NULL, '1002.1001.1000.1006L', NULL, NULL, 'aicc_bp', NULL, 0, NULL, NULL, NULL, NULL, NULL);
INSERT INTO `AUTH_MENU` VALUES ('22109', '22100', '修改角色时踢出用户', '/role/kickUser_get', 1, NULL, '1002.1001.1000.1007L', NULL, NULL, 'aicc_bp', NULL, 0, NULL, NULL, NULL, NULL, NULL);
INSERT INTO `AUTH_MENU` VALUES ('23000', '20000', '坐席管理', '/user/wbmgr', 0, NULL, '1002.1002', NULL, '开启后角色可访问浏览坐席管理页面', 'aicc_bp', NULL, 0, NULL, NULL, NULL, NULL, NULL);
INSERT INTO `AUTH_MENU` VALUES ('23100', '23000', '坐席账号管理范围', '/user/wbmgr/account_range', 2, NULL, '1002.1002.1000L', '[{\"name\":\"全部坐席\",\"value\":\"ALL\"},{\"name\":\"所在坐席组\",\"value\":\"fzz\"},{\"name\":\"自定义跨组\",\"value\":\"zdykz\"}]', '设定可进行管理操作的坐席账号范围', 'aicc_bp', NULL, 2, NULL, NULL, NULL, NULL, NULL);
INSERT INTO `AUTH_MENU` VALUES ('23200', '23000', '坐席账号管理', '/user/wbmgr/account', 2, NULL, '1002.1002.1001', NULL, '开启后角色可创建坐席账号、删除已有坐席账号并对已有坐席账号进行编辑调整。', 'aicc_bp', NULL, 0, NULL, NULL, NULL, NULL, NULL);
INSERT INTO `AUTH_MENU` VALUES ('23201', '23200', '新建坐席账号', '/user/addUser_post', 1, NULL, '1002.1002.1001.1000L', NULL, NULL, 'aicc_bp', NULL, 0, NULL, NULL, NULL, NULL, NULL);
INSERT INTO `AUTH_MENU` VALUES ('23202', '23200', '删除坐席账号', '/user/deleteUser_delete', 1, NULL, '1002.1002.1001.1001L', NULL, NULL, 'aicc_bp', NULL, 0, NULL, NULL, NULL, NULL, NULL);
INSERT INTO `AUTH_MENU` VALUES ('23203', '23200', '批量删除坐席账号', '/user/batchDeleteUser_delete', 1, NULL, '1002.1002.1001.1002L', NULL, NULL, 'aicc_bp', NULL, 0, NULL, NULL, NULL, NULL, NULL);
INSERT INTO `AUTH_MENU` VALUES ('23204', '23200', '批量修改角色', '/user/batchUpdateUserRole_put', 1, NULL, '1002.1002.1001.1003L', NULL, NULL, 'aicc_bp', NULL, 0, NULL, NULL, NULL, NULL, NULL);
INSERT INTO `AUTH_MENU` VALUES ('23205', '23200', '批量修改分组', '/ug/batchUpdateUserGroup_put', 1, NULL, '1002.1002.1001.1004L', NULL, NULL, 'aicc_bp', NULL, 0, NULL, NULL, NULL, NULL, NULL);
INSERT INTO `AUTH_MENU` VALUES ('23206', '23200', '导入坐席账号', NULL, 1, NULL, '1002.1002.1001.1005L', NULL, NULL, 'aicc_bp', NULL, 0, NULL, NULL, NULL, NULL, NULL);
INSERT INTO `AUTH_MENU` VALUES ('23207', '23200', '导出坐席账号', NULL, 1, NULL, '1002.1002.1001.1006L', NULL, NULL, 'aicc_bp', NULL, 0, NULL, NULL, NULL, NULL, NULL);
INSERT INTO `AUTH_MENU` VALUES ('23208', '23200', '修改坐席账号', '/user/addUser_post', 1, NULL, '1002.1002.1001.1007L', NULL, NULL, 'aicc_bp', NULL, 0, NULL, NULL, NULL, NULL, NULL);
INSERT INTO `AUTH_MENU` VALUES ('23209', '23000', '查看坐席账号', '/user/listUser_get', 1, NULL, '1002.1002.1002L', NULL, NULL, 'aicc_bp', NULL, 0, NULL, NULL, NULL, NULL, NULL);
INSERT INTO `AUTH_MENU` VALUES ('23210', '23000', '查看角色', '/role/listRoles_get', 1, NULL, '1002.1002.1003L', NULL, NULL, 'aicc_bp', NULL, 0, NULL, NULL, NULL, NULL, NULL);
INSERT INTO `AUTH_MENU` VALUES ('23211', '23200', '查看坐席组', '/ug/getUserGroupTree_get', 1, NULL, '1002.1002.1001.1008L', NULL, NULL, 'aicc_bp', NULL, 0, NULL, NULL, NULL, NULL, NULL);
INSERT INTO `AUTH_MENU` VALUES ('23212', '23200', '冻结/解冻坐席账号', '/user/lockUser_put', 1, NULL, '1002.1002.1001.1009L', NULL, NULL, 'aicc_bp', NULL, 0, NULL, NULL, NULL, NULL, NULL);
INSERT INTO `AUTH_MENU` VALUES ('23213', '23200', '查看具体坐席账号', '/user/getUser_get', 1, NULL, '1002.1002.1001.1010L', NULL, NULL, 'aicc_bp', NULL, 0, NULL, NULL, NULL, NULL, NULL);
INSERT INTO `AUTH_MENU` VALUES ('23214', '23200', '根据属性查找用户', '/user/getUserByProp_post', 1, NULL, '1002.1002.1001.1011L', NULL, NULL, 'aicc_bp', NULL, 0, NULL, NULL, NULL, NULL, NULL);
INSERT INTO `AUTH_MENU` VALUES ('23300', '23000', '坐席组管理', '/user/wbmgr/group', 2, NULL, '1002.1002.1004', NULL, '开启后角色可创建坐席组、编辑已有坐席组、调整坐席组层级、删除坐席组、移动坐席组，并可批量导入坐席组架构信息。', 'aicc_bp', NULL, 0, NULL, NULL, NULL, NULL, NULL);
INSERT INTO `AUTH_MENU` VALUES ('23301', '23300', '新建坐席组', '/ug/addUserGroup_post', 1, NULL, '1002.1002.1004.1000L', NULL, NULL, 'aicc_bp', NULL, 0, NULL, NULL, NULL, NULL, NULL);
INSERT INTO `AUTH_MENU` VALUES ('23302', '23300', '编辑坐席组', '/ug/editUserGroup_put', 1, NULL, '1002.1002.1004.1001L', NULL, NULL, 'aicc_bp', NULL, 0, NULL, NULL, NULL, NULL, NULL);
INSERT INTO `AUTH_MENU` VALUES ('23303', '23300', '删除坐席组', '/ug/deleteUserGroup_delete', 1, NULL, '1002.1002.1004.1002L', NULL, NULL, 'aicc_bp', NULL, 0, NULL, NULL, NULL, NULL, NULL);
INSERT INTO `AUTH_MENU` VALUES ('23304', '23300', '导入坐席组', NULL, 1, NULL, '1002.1002.1004.1003L', NULL, NULL, 'aicc_bp', NULL, 0, NULL, NULL, NULL, NULL, NULL);
INSERT INTO `AUTH_MENU` VALUES ('23305', '23300', '导出坐席组', NULL, 1, NULL, '1002.1002.1004.1004L', NULL, NULL, 'aicc_bp', NULL, 0, NULL, NULL, NULL, NULL, NULL);
INSERT INTO `AUTH_MENU` VALUES ('23306', '23300', '查看坐席组', '/ug/getUserGroupTree_get', 1, NULL, '1002.1002.1004.1005L', NULL, NULL, 'aicc_bp', NULL, 0, NULL, NULL, NULL, NULL, NULL);
INSERT INTO `AUTH_MENU` VALUES ('23307', '23300', '移动坐席组', '/ug/getUserGroupChildLevel_get', 1, NULL, '1002.1002.1004.1006L', NULL, NULL, 'aicc_bp', NULL, 0, NULL, NULL, NULL, NULL, NULL);
INSERT INTO `AUTH_MENU` VALUES ('30000', NULL, '首页', '/index', 0, NULL, '1003L', NULL, '首页', 'aicc_bp', NULL, 0, 0, NULL, NULL, NULL, NULL);
INSERT INTO `AUTH_MENU` VALUES ('40000', NULL, '全媒体', '/channel', 0, NULL, '1004', NULL, NULL, 'aicc_bp', NULL, 0, NULL, NULL, NULL, NULL, NULL);
INSERT INTO `AUTH_MENU` VALUES ('41000', '40000', 'web', '/channel/web', 0, NULL, '1004.1000L', '', NULL, 'aicc_bp', NULL, 0, NULL, NULL, NULL, NULL, NULL);
INSERT INTO `AUTH_MENU` VALUES ('42000', '40000', '微信', '/channel/weixin', 0, NULL, '1004.1001L', NULL, NULL, 'aicc_bp', NULL, 0, NULL, NULL, NULL, NULL, NULL);
INSERT INTO `AUTH_MENU` VALUES ('43000', '40000', '微信小程序', '/channel/weixinapp', 0, NULL, '1004.1002L', NULL, NULL, 'aicc_bp', NULL, 0, NULL, NULL, NULL, NULL, NULL);
INSERT INTO `AUTH_MENU` VALUES ('44000', '40000', '微博', '/channel/weibo', 0, NULL, '1004.1003L', NULL, NULL, 'aicc_bp', NULL, 0, NULL, NULL, NULL, NULL, NULL);
INSERT INTO `AUTH_MENU` VALUES ('45000', '40000', 'APP', '/channel/app', 0, NULL, '1004.1004L', NULL, NULL, 'aicc_bp', NULL, 0, NULL, NULL, NULL, NULL, NULL);
INSERT INTO `AUTH_MENU` VALUES ('1260000', '1200000', '关键字查询会话记录', '/slog/querySessionLogByKeyWord_post', 1, NULL, '1001.1001.1000.1004L', NULL, NULL, 'aicc_wb', NULL, 0, NULL, NULL, NULL, NULL, NULL);
INSERT INTO `AUTH_MENU` VALUES ('1270000', '1200000', '根据会话ID查询会话记录', '/slog/querySessionLogBySessionIds_post', 1, NULL, '1001.1001.1000.1005L', NULL, NULL, 'aicc_wb', NULL, 0, NULL, NULL, NULL, NULL, NULL);
-- ----------------------------
-- TABLE STRUCTURE FOR AUTH_ROLE
-- ----------------------------
DROP TABLE IF EXISTS `AUTH_ROLE`;
CREATE TABLE `AUTH_ROLE`  (
  `ID` VARCHAR(32) CHARACTER SET UTF8MB4 COLLATE UTF8MB4_GENERAL_CI NOT NULL COMMENT '主键ID',
  `ROLE_NAME` VARCHAR(128) CHARACTER SET UTF8MB4 COLLATE UTF8MB4_GENERAL_CI NULL DEFAULT NULL COMMENT '角色名称',
  `ROLE_TYPE` INT(11) NULL DEFAULT NULL COMMENT '角色类型',
  `DESCRIPTION` VARCHAR(1500) CHARACTER SET UTF8MB4 COLLATE UTF8MB4_GENERAL_CI NULL DEFAULT NULL COMMENT '角色描述',
  `CREATOR` VARCHAR(32) CHARACTER SET UTF8MB4 COLLATE UTF8MB4_GENERAL_CI NULL DEFAULT NULL COMMENT '创建者',
  `CREATE_TIME` DATETIME(0) NULL DEFAULT NULL COMMENT '创建时间',
  `EDITOR` VARCHAR(32) CHARACTER SET UTF8MB4 COLLATE UTF8MB4_GENERAL_CI NULL DEFAULT NULL COMMENT '编辑人',
  `EDIT_TIME` DATETIME(0) NULL DEFAULT NULL COMMENT '更新时间',
  PRIMARY KEY (`ID`) USING BTREE
) ENGINE = INNODB CHARACTER SET = UTF8MB4 COLLATE = UTF8MB4_GENERAL_CI COMMENT = '用户角色' ROW_FORMAT = DYNAMIC;
-- ----------------------------
-- RECORDS OF AUTH_ROLE
-- ----------------------------
INSERT INTO `AUTH_ROLE` VALUES ('27e55a01b74342189b00000adminrole', '管理员', 1, '管理员', '27e55a01b74342189b000000000admin', '2020-04-19 19:34:04', NULL, '2020-04-19 19:34:04');

-- ----------------------------
-- TABLE STRUCTURE FOR AUTH_ROLE_TYPE_DICT
-- ----------------------------
DROP TABLE IF EXISTS `AUTH_ROLE_TYPE_DICT`;
CREATE TABLE `AUTH_ROLE_TYPE_DICT`  (
  `ID` VARCHAR(32) CHARACTER SET UTF8MB4 COLLATE UTF8MB4_GENERAL_CI NOT NULL COMMENT '主键ID',
  `ROLE_TYPE_NAME` VARCHAR(128) CHARACTER SET UTF8MB4 COLLATE UTF8MB4_GENERAL_CI NULL DEFAULT NULL COMMENT '角色类型名称',
  PRIMARY KEY (`ID`) USING BTREE
) ENGINE = INNODB CHARACTER SET = UTF8MB4 COLLATE = UTF8MB4_GENERAL_CI COMMENT = '角色类型定义' ROW_FORMAT = DYNAMIC;

-- ----------------------------
-- RECORDS OF AUTH_ROLE_TYPE_DICT
-- ----------------------------
INSERT INTO `AUTH_ROLE_TYPE_DICT` VALUES ('1', '系统管理者');
INSERT INTO `AUTH_ROLE_TYPE_DICT` VALUES ('2', '坐席员工');

-- ----------------------------
-- TABLE STRUCTURE FOR AUTH_ROLE_X_MENU
-- ----------------------------
DROP TABLE IF EXISTS `AUTH_ROLE_X_MENU`;
CREATE TABLE `AUTH_ROLE_X_MENU`  (
  `ID` VARCHAR(32) CHARACTER SET UTF8MB4 COLLATE UTF8MB4_GENERAL_CI NOT NULL COMMENT '主键ID',
  `ROLE_ID` VARCHAR(32) CHARACTER SET UTF8MB4 COLLATE UTF8MB4_GENERAL_CI NULL DEFAULT NULL COMMENT '角色ID',
  `MENU_ID` VARCHAR(32) CHARACTER SET UTF8MB4 COLLATE UTF8MB4_GENERAL_CI NULL DEFAULT NULL COMMENT '权限ID',
  `DETAIL` VARCHAR(4000) CHARACTER SET UTF8MB4 COLLATE UTF8MB4_GENERAL_CI NULL DEFAULT NULL COMMENT '权限值',
  PRIMARY KEY (`ID`) USING BTREE
) ENGINE = INNODB CHARACTER SET = UTF8MB4 COLLATE = UTF8MB4_GENERAL_CI COMMENT = '角色权限关联' ROW_FORMAT = DYNAMIC;

-- ----------------------------
-- TABLE STRUCTURE FOR AUTH_SKILL_GROUP
-- ----------------------------
DROP TABLE IF EXISTS `AUTH_SKILL_GROUP`;
CREATE TABLE `AUTH_SKILL_GROUP`  (
  `ID` VARCHAR(32) CHARACTER SET UTF8MB4 COLLATE UTF8MB4_GENERAL_CI NOT NULL COMMENT '主键ID',
  `NAME` VARCHAR(32) CHARACTER SET UTF8MB4 COLLATE UTF8MB4_GENERAL_CI NULL DEFAULT NULL COMMENT '组名',
  `CREATOR` VARCHAR(32) CHARACTER SET UTF8MB4 COLLATE UTF8MB4_GENERAL_CI NULL DEFAULT NULL COMMENT '创建人',
  `CREATE_TIME` DATETIME(0) NULL DEFAULT NULL COMMENT '创建时间',
  `EDITOR` VARCHAR(32) CHARACTER SET UTF8MB4 COLLATE UTF8MB4_GENERAL_CI NULL DEFAULT NULL COMMENT '编辑人',
  `EDIT_TIME` DATETIME(0) NULL DEFAULT NULL COMMENT '更新时间',
  PRIMARY KEY (`ID`) USING BTREE
) ENGINE = INNODB CHARACTER SET = UTF8MB4 COLLATE = UTF8MB4_GENERAL_CI COMMENT = '技能组' ROW_FORMAT = DYNAMIC;

-- ----------------------------
-- RECORDS OF AUTH_SKILL_GROUP
-- ----------------------------
INSERT INTO `AUTH_SKILL_GROUP` VALUES ('0015870307129860015100155d4c6010', '默认技能组', '27e55a01b74342189b000000000admin', '2020-04-16 17:51:53', '27e55a01b74342189b000000000admin', '2020-04-16 17:51:53');

-- ----------------------------
-- TABLE STRUCTURE FOR AUTH_SKILL_GROUP_BIZ_ITEM
-- ----------------------------
DROP TABLE IF EXISTS `AUTH_SKILL_GROUP_BIZ_ITEM`;
CREATE TABLE `AUTH_SKILL_GROUP_BIZ_ITEM`  (
  `ID` VARCHAR(32) CHARACTER SET UTF8MB4 COLLATE UTF8MB4_GENERAL_CI NOT NULL,
  `LABEL` VARCHAR(64) CHARACTER SET UTF8MB4 COLLATE UTF8MB4_GENERAL_CI NULL DEFAULT NULL,
  `NAME` VARCHAR(64) CHARACTER SET UTF8MB4 COLLATE UTF8MB4_GENERAL_CI NULL DEFAULT NULL,
  `SKILL_GROUP_BIZ_ID` VARCHAR(32) CHARACTER SET UTF8MB4 COLLATE UTF8MB4_GENERAL_CI NULL DEFAULT NULL,
  `TYPE` VARCHAR(32) CHARACTER SET UTF8MB4 COLLATE UTF8MB4_GENERAL_CI NULL DEFAULT NULL,
  `PLACEHOLDER` VARCHAR(255) CHARACTER SET UTF8MB4 COLLATE UTF8MB4_GENERAL_CI NULL DEFAULT NULL,
  `TIP` VARCHAR(255) CHARACTER SET UTF8MB4 COLLATE UTF8MB4_GENERAL_CI NULL DEFAULT NULL,
  `CUST_FIELD_TAG` VARCHAR(32) CHARACTER SET UTF8MB4 COLLATE UTF8MB4_GENERAL_CI NULL DEFAULT NULL,
  `PRIORITY` INT(11) NULL DEFAULT NULL,
  `DEFAULT_VALUE` VARCHAR(255) CHARACTER SET UTF8MB4 COLLATE UTF8MB4_GENERAL_CI NULL DEFAULT NULL,
  PRIMARY KEY (`ID`) USING BTREE
) ENGINE = INNODB CHARACTER SET = UTF8MB4 COLLATE = UTF8MB4_GENERAL_CI ROW_FORMAT = DYNAMIC;

-- ----------------------------
-- RECORDS OF AUTH_SKILL_GROUP_BIZ_ITEM
-- ----------------------------
INSERT INTO `AUTH_SKILL_GROUP_BIZ_ITEM` VALUES ('101', '客户接入策略', 'custAccess', '1', 'select', NULL, NULL, 'cust_access_strategy', 101, 'random');
INSERT INTO `AUTH_SKILL_GROUP_BIZ_ITEM` VALUES ('102', '问候语设置', 'welcomeMsg', '1', 'textarea', '', NULL, NULL, 102, '您好，请问有什么可以帮助您？');
INSERT INTO `AUTH_SKILL_GROUP_BIZ_ITEM` VALUES ('103', '列队等待话术', 'waitMsg', '1', 'textarea', NULL, '&%为通配符，由系统自动计算显示当前列队的用户数', NULL, 103, '您好，目前由于业务繁忙，请您耐心等待。');
INSERT INTO `AUTH_SKILL_GROUP_BIZ_ITEM` VALUES ('104', '无坐席在线话术', 'onLineMsg', '1', 'textarea', NULL, NULL, NULL, 104, '您好，您所咨询的业务目前无坐席在线，请您在坐席工作时间内联系咨询，或通过其他方式进行联系。');
INSERT INTO `AUTH_SKILL_GROUP_BIZ_ITEM` VALUES ('105', '会话重新分配话术', 'reAllocateMsg', '1', 'textarea', NULL, NULL, NULL, 105, '当前坐席已离开，将由新的坐席为您提供服务。');
INSERT INTO `AUTH_SKILL_GROUP_BIZ_ITEM` VALUES ('106', '客户属性', 'custAttr', '2', 'checkbox', NULL, NULL, NULL, NULL, NULL);
INSERT INTO `AUTH_SKILL_GROUP_BIZ_ITEM` VALUES ('107', '访客暂离时长', 'userLeaveTime', '1', 'number', NULL, NULL, NULL, 106, '2');
INSERT INTO `AUTH_SKILL_GROUP_BIZ_ITEM` VALUES ('108', '会话超时断开', 'socketWaitHour', '1', 'number', NULL, NULL, NULL, 107, '5');
INSERT INTO `AUTH_SKILL_GROUP_BIZ_ITEM` VALUES ('109', '会话超时提示', 'predictFinishMsg', '1', 'textarea', NULL, NULL, NULL, 108, '您已经很久没和我说话了，再过一会我可能就无法陪您咯！');
INSERT INTO `AUTH_SKILL_GROUP_BIZ_ITEM` VALUES ('110', '会话结束提示', 'finishMsg', '1', 'textarea', NULL, NULL, NULL, 109, '本次会话结束，坐席将先为其他用户提供服务，如您需要继续寻求坐席的帮助，您可以再次与我们联系。');
INSERT INTO `AUTH_SKILL_GROUP_BIZ_ITEM` VALUES ('111', '客服统一昵称', 'unifiedNickname', '1', 'text', NULL, NULL, NULL, 110, NULL);
INSERT INTO `AUTH_SKILL_GROUP_BIZ_ITEM` VALUES ('112', '坐席统一头像', 'unifiedAvatar', '1', 'image', NULL, NULL, NULL, 111, NULL);

-- ----------------------------
-- TABLE STRUCTURE FOR AUTH_SKILL_GROUP_BIZ_TYPE
-- ----------------------------
DROP TABLE IF EXISTS `AUTH_SKILL_GROUP_BIZ_TYPE`;
CREATE TABLE `AUTH_SKILL_GROUP_BIZ_TYPE`  (
  `ID` VARCHAR(32) CHARACTER SET UTF8MB4 COLLATE UTF8MB4_GENERAL_CI NOT NULL COMMENT '主键ID',
  `NAME` VARCHAR(64) CHARACTER SET UTF8MB4 COLLATE UTF8MB4_GENERAL_CI NULL DEFAULT NULL COMMENT '名称',
  `TAG` VARCHAR(32) CHARACTER SET UTF8MB4 COLLATE UTF8MB4_GENERAL_CI NULL DEFAULT NULL,
  PRIMARY KEY (`ID`) USING BTREE
) ENGINE = INNODB CHARACTER SET = UTF8MB4 COLLATE = UTF8MB4_GENERAL_CI COMMENT = '技能组业务类型' ROW_FORMAT = DYNAMIC;

-- ----------------------------
-- RECORDS OF AUTH_SKILL_GROUP_BIZ_TYPE
-- ----------------------------
INSERT INTO `AUTH_SKILL_GROUP_BIZ_TYPE` VALUES ('1', '客户接待(文本)', 'cs_txt');
INSERT INTO `AUTH_SKILL_GROUP_BIZ_TYPE` VALUES ('2', '客户外联', 'cs_outer');
INSERT INTO `AUTH_SKILL_GROUP_BIZ_TYPE` VALUES ('3', '服务质检', 'server');

-- ----------------------------
-- TABLE STRUCTURE FOR AUTH_SKILL_GROUP_SETTING
-- ----------------------------
DROP TABLE IF EXISTS `AUTH_SKILL_GROUP_SETTING`;
CREATE TABLE `AUTH_SKILL_GROUP_SETTING`  (
  `ID` VARCHAR(32) CHARACTER SET UTF8MB4 COLLATE UTF8MB4_GENERAL_CI NOT NULL,
  `SKILL_GROUP_ID` VARCHAR(32) CHARACTER SET UTF8MB4 COLLATE UTF8MB4_GENERAL_CI NULL DEFAULT NULL,
  `BIZ_TYPE` VARCHAR(32) CHARACTER SET UTF8MB4 COLLATE UTF8MB4_GENERAL_CI NULL DEFAULT NULL,
  `BIZ_KEY` VARCHAR(255) CHARACTER SET UTF8MB4 COLLATE UTF8MB4_GENERAL_CI NULL DEFAULT NULL,
  `BIZ_VALUE` VARCHAR(1000) CHARACTER SET UTF8MB4 COLLATE UTF8MB4_GENERAL_CI NULL DEFAULT NULL,
  PRIMARY KEY (`ID`) USING BTREE
) ENGINE = INNODB CHARACTER SET = UTF8MB4 COLLATE = UTF8MB4_GENERAL_CI ROW_FORMAT = DYNAMIC;

-- ----------------------------
-- RECORDS OF AUTH_SKILL_GROUP_SETTING
-- ----------------------------
INSERT INTO `AUTH_SKILL_GROUP_SETTING` VALUES ('00160111569810200000061505e3d580', '0015870307129860015100155d4c6010', 'cs_txt', 'custAccess', 'random');
INSERT INTO `AUTH_SKILL_GROUP_SETTING` VALUES ('00160111569815100001061505e3d580', '0015870307129860015100155d4c6010', 'cs_txt', 'welcomeMsg', '您好，请问有什么可以帮助您？');
INSERT INTO `AUTH_SKILL_GROUP_SETTING` VALUES ('00160111569815600002061505e3d580', '0015870307129860015100155d4c6010', 'cs_txt', 'waitMsg', '您好，目前由于业务繁忙，请您耐心等待。');
INSERT INTO `AUTH_SKILL_GROUP_SETTING` VALUES ('00160111569815900003061505e3d580', '0015870307129860015100155d4c6010', 'cs_txt', 'onLineMsg', '您好，您所咨询的业务目前无坐席在线，请您在坐席工作时间内联系咨询，或通过其他方式进行联系。');
INSERT INTO `AUTH_SKILL_GROUP_SETTING` VALUES ('00160111569810330000061505e3d580', '0015870307129860015100155d4c6010', 'cs_txt', 'socketWaitHour', '5');

-- ----------------------------
-- TABLE STRUCTURE FOR AUTH_USER
-- ----------------------------
DROP TABLE IF EXISTS `AUTH_USER`;
CREATE TABLE `AUTH_USER`  (
  `ID` VARCHAR(32) CHARACTER SET UTF8MB4 COLLATE UTF8MB4_GENERAL_CI NOT NULL COMMENT '主键ID',
  `USER_NAME` VARCHAR(32) CHARACTER SET UTF8MB4 COLLATE UTF8MB4_GENERAL_CI NULL DEFAULT NULL COMMENT '用户名',
  `PASSWORD` VARCHAR(1024) CHARACTER SET UTF8MB4 COLLATE UTF8MB4_GENERAL_CI NULL DEFAULT NULL COMMENT '密码',
  `NICKNAME` VARCHAR(128) CHARACTER SET UTF8MB4 COLLATE UTF8MB4_GENERAL_CI NULL DEFAULT NULL COMMENT '昵称',
  `REAL_NAME` VARCHAR(128) CHARACTER SET UTF8MB4 COLLATE UTF8MB4_GENERAL_CI NULL DEFAULT NULL COMMENT '真实姓名',
  `MAX_RECEPTION` INT(255) NULL DEFAULT NULL COMMENT '最大接待数',
  `ID_NUM` VARCHAR(32) CHARACTER SET UTF8MB4 COLLATE UTF8MB4_GENERAL_CI NULL DEFAULT NULL COMMENT '工号',
  `MOBILE` VARCHAR(32) CHARACTER SET UTF8MB4 COLLATE UTF8MB4_GENERAL_CI NULL DEFAULT NULL COMMENT '手机号',
  `EMAIL` VARCHAR(128) CHARACTER SET UTF8MB4 COLLATE UTF8MB4_GENERAL_CI NULL DEFAULT NULL COMMENT '邮箱',
  `STATUS` INT(11) NULL DEFAULT 0 COMMENT '用户状态',
  `CREATOR` VARCHAR(32) CHARACTER SET UTF8MB4 COLLATE UTF8MB4_GENERAL_CI NULL DEFAULT NULL COMMENT '创建者',
  `CREATE_TIME` DATETIME(0) NULL DEFAULT NULL COMMENT '创建时间',
  `EDITOR` VARCHAR(32) CHARACTER SET UTF8MB4 COLLATE UTF8MB4_GENERAL_CI NULL DEFAULT NULL COMMENT '编辑人',
  `EDIT_TIME` DATETIME(0) NULL DEFAULT NULL COMMENT '更新时间',
  `WELCOME` VARCHAR(255) CHARACTER SET UTF8MB4 COLLATE UTF8MB4_GENERAL_CI NULL DEFAULT NULL COMMENT '欢迎语',
  `AVATAR` VARCHAR(128) CHARACTER SET UTF8MB4 COLLATE UTF8MB4_GENERAL_CI NULL DEFAULT NULL COMMENT '用户图标',
  `SHORTCUT_KEY` VARCHAR(255) CHARACTER SET UTF8MB4 COLLATE UTF8MB4_GENERAL_CI DEFAULT '{"新进线访客":"F1","未读消息最多访客":"F2","会员等级最高访客":"F3","等待最久访客":"F4"}' COMMENT '快捷键设置',
  PRIMARY KEY (`ID`) USING BTREE
) ENGINE = INNODB CHARACTER SET = UTF8MB4 COLLATE = UTF8MB4_GENERAL_CI COMMENT = '用户' ROW_FORMAT = DYNAMIC;

-- ----------------------------
-- RECORDS OF AUTH_USER
-- ----------------------------
INSERT INTO `AUTH_USER` VALUES ('0015849442017540000000155d4c6010', 'INCE.SUPERVISOR', '$2a$10$sm8UkRcGM1v.7E/MHpdRYOBkCvMpJ0k6OTpea0PQ7TMfcs6dWfNsW', 'INCE.SUPERVISOR', 'INCE.SUPERVISOR', 3, 'INCE.SUPERVISOR', '', '', 0, '0015849442017540000000155d4c6010', '2020-06-01 12:00:00', '0015849442017540000000155d4c6010', '2020-06-01 12:00:00', NULL, NULL,'{"新进线访客":"F1","未读消息最多访客":"F2","会员等级最高访客":"F3","等待最久访客":"F4"}');
INSERT INTO `AUTH_USER` VALUES ('27e55a01b74342189b000000000admin', 'imadmin', '$2a$10$.o4BMG8wLSyqXMBcIA0eiup6F3KcovN3sf4TLyvWNy2/JzWcjMXpW', 'admin', 'admin', 3, 'admin', '', '', 0, '27e55a01b74342189b000000000admin', '2020-06-01 12:00:00', '27e55a01b74342189b000000000admin', '2020-06-01 12:00:00', NULL, NULL, '{"新进线访客":"F1","未读消息最多访客":"F2","会员等级最高访客":"F3","等待最久访客":"F4"}');

-- ----------------------------
-- TABLE STRUCTURE FOR AUTH_USER_GROUP
-- ----------------------------
DROP TABLE IF EXISTS `AUTH_USER_GROUP`;
CREATE TABLE `AUTH_USER_GROUP`  (
  `ID` VARCHAR(32) CHARACTER SET UTF8MB4 COLLATE UTF8MB4_GENERAL_CI NOT NULL COMMENT '主键ID',
  `NAME` VARCHAR(32) CHARACTER SET UTF8MB4 COLLATE UTF8MB4_GENERAL_CI NULL DEFAULT NULL COMMENT '组名',
  `PARENT_ID` VARCHAR(32) CHARACTER SET UTF8MB4 COLLATE UTF8MB4_GENERAL_CI NULL DEFAULT NULL COMMENT '父节点ID',
  `BH` VARCHAR(32) CHARACTER SET UTF8MB4 COLLATE UTF8MB4_GENERAL_CI NULL DEFAULT NULL COMMENT '节点路径',
  `CREATOR` VARCHAR(32) CHARACTER SET UTF8MB4 COLLATE UTF8MB4_GENERAL_CI NULL DEFAULT NULL COMMENT '创建人',
  `CREATE_TIME` DATETIME(0) NULL DEFAULT NULL COMMENT '创建时间',
  `EDITOR` VARCHAR(32) CHARACTER SET UTF8MB4 COLLATE UTF8MB4_GENERAL_CI NULL DEFAULT NULL COMMENT '更新人',
  `EDIT_TIME` DATETIME(0) NULL DEFAULT NULL COMMENT '更新时间',
  PRIMARY KEY (`ID`) USING BTREE
) ENGINE = INNODB CHARACTER SET = UTF8MB4 COLLATE = UTF8MB4_GENERAL_CI COMMENT = '用户组' ROW_FORMAT = DYNAMIC;

-- ----------------------------
-- RECORDS OF AUTH_USER_GROUP
-- ----------------------------
INSERT INTO `AUTH_USER_GROUP` VALUES ('0015868314746520008200155d4c6010', '默认分组', NULL, '1000L', NULL, NULL, '27e55a01b74342189b000000000admin', '2020-04-17 00:09:04');

-- ----------------------------
-- TABLE STRUCTURE FOR AUTH_USER_X_GROUP
-- ----------------------------
DROP TABLE IF EXISTS `AUTH_USER_X_GROUP`;
CREATE TABLE `AUTH_USER_X_GROUP`  (
  `ID` VARCHAR(32) CHARACTER SET UTF8MB4 COLLATE UTF8MB4_GENERAL_CI NOT NULL COMMENT '主键ID',
  `USER_ID` VARCHAR(32) CHARACTER SET UTF8MB4 COLLATE UTF8MB4_GENERAL_CI NULL DEFAULT NULL COMMENT '用户ID',
  `USER_GROUP_ID` VARCHAR(32) CHARACTER SET UTF8MB4 COLLATE UTF8MB4_GENERAL_CI NULL DEFAULT NULL COMMENT '用户组ID',
  `IS_CHARGE` INT(11) NULL DEFAULT NULL COMMENT '是否负责人.0：否 ，1：是',
  PRIMARY KEY (`ID`) USING BTREE
) ENGINE = INNODB CHARACTER SET = UTF8MB4 COLLATE = UTF8MB4_GENERAL_CI ROW_FORMAT = DYNAMIC;

-- ----------------------------
-- RECORDS OF AUTH_USER_X_GROUP
-- ----------------------------
INSERT INTO `AUTH_USER_X_GROUP` VALUES ('0', '27e55a01b74342189b000000000admin', '0015868314746520008200155d4c6010', 1);

-- ----------------------------
-- TABLE STRUCTURE FOR AUTH_USER_X_ROLE
-- ----------------------------
DROP TABLE IF EXISTS `AUTH_USER_X_ROLE`;
CREATE TABLE `AUTH_USER_X_ROLE`  (
  `ID` VARCHAR(32) CHARACTER SET UTF8MB4 COLLATE UTF8MB4_GENERAL_CI NOT NULL COMMENT '主键ID',
  `USER_ID` VARCHAR(32) CHARACTER SET UTF8MB4 COLLATE UTF8MB4_GENERAL_CI NULL DEFAULT NULL COMMENT '用户ID',
  `ROLE_ID` VARCHAR(32) CHARACTER SET UTF8MB4 COLLATE UTF8MB4_GENERAL_CI NULL DEFAULT NULL COMMENT '角色ID',
  PRIMARY KEY (`ID`) USING BTREE
) ENGINE = INNODB CHARACTER SET = UTF8MB4 COLLATE = UTF8MB4_GENERAL_CI COMMENT = '用户角色关联' ROW_FORMAT = DYNAMIC;

-- ----------------------------
-- RECORDS OF AUTH_USER_X_ROLE
-- ----------------------------
INSERT INTO `AUTH_USER_X_ROLE` VALUES ('00159590479316500001061505e3d580', '27e55a01b74342189b000000000admin', '27e55a01b74342189b00000adminrole');

-- ----------------------------
-- TABLE STRUCTURE FOR AUTH_USER_X_SKILL_GROUP
-- ----------------------------
DROP TABLE IF EXISTS `AUTH_USER_X_SKILL_GROUP`;
CREATE TABLE `AUTH_USER_X_SKILL_GROUP`  (
  `ID` VARCHAR(32) CHARACTER SET UTF8MB4 COLLATE UTF8MB4_GENERAL_CI NOT NULL COMMENT '主键ID',
  `USER_ID` VARCHAR(32) CHARACTER SET UTF8MB4 COLLATE UTF8MB4_GENERAL_CI NULL DEFAULT NULL COMMENT '用户ID',
  `SKILL_GROUP_ID` VARCHAR(32) CHARACTER SET UTF8MB4 COLLATE UTF8MB4_GENERAL_CI NULL DEFAULT NULL COMMENT '技能组ID',
  PRIMARY KEY (`ID`) USING BTREE
) ENGINE = INNODB CHARACTER SET = UTF8MB4 COLLATE = UTF8MB4_GENERAL_CI COMMENT = '用户技能组关联' ROW_FORMAT = DYNAMIC;

-- ----------------------------
-- RECORDS OF AUTH_USER_X_SKILL_GROUP
-- ----------------------------
INSERT INTO `AUTH_USER_X_SKILL_GROUP` VALUES ('00159590479316500003061505e3d580', '27e55a01b74342189b000000000admin', '0015870307129860015100155d4c6010');

-- ----------------------------
-- TABLE STRUCTURE FOR CHANNEL_PLATFORM
-- ----------------------------
DROP TABLE IF EXISTS `CHANNEL_PLATFORM`;
CREATE TABLE `CHANNEL_PLATFORM`  (
  `PLATFORM_ID` VARCHAR(255) CHARACTER SET UTF8MB4 COLLATE UTF8MB4_GENERAL_CI NOT NULL COMMENT '平台ID',
  `PLATFORM_NAME` VARCHAR(255) CHARACTER SET UTF8MB4 COLLATE UTF8MB4_GENERAL_CI NULL DEFAULT NULL COMMENT '平台名称',
  PRIMARY KEY (`PLATFORM_ID`) USING BTREE
) ENGINE = INNODB CHARACTER SET = UTF8MB4 COLLATE = UTF8MB4_GENERAL_CI ROW_FORMAT = DYNAMIC;

-- ----------------------------
-- Records of channel_platform
-- ----------------------------
INSERT INTO `CHANNEL_PLATFORM` VALUES ('miniprogram', '小程序');
INSERT INTO `CHANNEL_PLATFORM` VALUES ('web', '网页');
INSERT INTO `CHANNEL_PLATFORM` VALUES ('weixin', '微信公众号');

-- ----------------------------
-- TABLE STRUCTURE FOR CHANNEL_INFO
-- ----------------------------
DROP TABLE IF EXISTS `CHANNEL_INFO`;
CREATE TABLE `CHANNEL_INFO`  (
  `ID` VARCHAR(255) CHARACTER SET UTF8MB4 COLLATE UTF8MB4_GENERAL_CI NOT NULL COMMENT '主键ID',
  `PLATFORM_ID` VARCHAR(255) CHARACTER SET UTF8MB4 COLLATE UTF8MB4_GENERAL_CI NOT NULL COMMENT '平台id(web，miniprogram，weixin)',
  `NAME` VARCHAR(255) CHARACTER SET UTF8MB4 COLLATE UTF8MB4_GENERAL_CI NOT NULL COMMENT '渠道实例名称（比如WEB网站名称）',
  `WEB_DOMAIN_NAME` VARCHAR(255) CHARACTER SET UTF8MB4 COLLATE UTF8MB4_GENERAL_CI NULL DEFAULT NULL COMMENT 'WEB网站域名',
  `WEB_ACCESS_KEY` VARCHAR(255) CHARACTER SET UTF8MB4 COLLATE UTF8MB4_GENERAL_CI NULL DEFAULT NULL COMMENT 'WEB渠道接入密匙',
  `WEB_STYLE_ID` VARCHAR(32) CHARACTER SET UTF8MB4 COLLATE UTF8MB4_GENERAL_CI NULL DEFAULT NULL COMMENT 'WEB渠道对话框样式信息主键ID',
  `APP_ID` VARCHAR(255) CHARACTER SET UTF8MB4 COLLATE UTF8MB4_GENERAL_CI NULL DEFAULT NULL COMMENT '小程序或公众号APPID',
  `APP_SECRET` VARCHAR(255) CHARACTER SET UTF8MB4 COLLATE UTF8MB4_GENERAL_CI NULL DEFAULT NULL COMMENT '小程序或公众号appsecret',
  `BOT` VARCHAR(255) CHARACTER SET UTF8MB4 COLLATE UTF8MB4_GENERAL_CI NOT NULL COMMENT '选用的机器人(ID)',
  `TRIGGER_ON` BIT(1) NOT NULL COMMENT '是否打开转人工功能',
  `TRIGGER_WORD` VARCHAR(255) CHARACTER SET UTF8MB4 COLLATE UTF8MB4_GENERAL_CI NULL DEFAULT NULL COMMENT '转人工触发词',
  `GREETING` VARCHAR(255) CHARACTER SET UTF8MB4 COLLATE UTF8MB4_GENERAL_CI NOT NULL COMMENT '欢迎语',
  `ROUTE_STRATEGY` VARCHAR(255) CHARACTER SET UTF8MB4 COLLATE UTF8MB4_GENERAL_CI NOT NULL COMMENT '路由策略(ID)',
  `TOKEN` VARCHAR(255) CHARACTER SET UTF8MB4 COLLATE UTF8MB4_GENERAL_CI NULL DEFAULT NULL COMMENT '小程序或公众号TOKEN',
  `ENCODING_AES_KEY` VARCHAR(255) CHARACTER SET UTF8MB4 COLLATE UTF8MB4_GENERAL_CI NULL DEFAULT NULL COMMENT '小程序或公众号消息加密密钥',
  `CREATE_TIME` DATETIME(0) NOT NULL COMMENT '渠道创建时间',
  `UPDATE_TIME` DATETIME(0) NOT NULL COMMENT '渠道最后修改时间',
  `TYPE` INT(2) NULL DEFAULT NULL COMMENT '小程序或公众号接入类型(0-授权接入;1-秘钥接入)',
  `ORIGIN_ID` VARCHAR(255) CHARACTER SET UTF8MB4 COLLATE UTF8MB4_GENERAL_CI NULL DEFAULT NULL COMMENT '小程序或公众号原始ID',
  PRIMARY KEY (`ID`) USING BTREE
) ENGINE = INNODB CHARACTER SET = UTF8MB4 COLLATE = UTF8MB4_GENERAL_CI ROW_FORMAT = DYNAMIC;

-- ----------------------------
-- TABLE STRUCTURE FOR CHANNEL_WEB_STYLE
-- ----------------------------
DROP TABLE IF EXISTS `CHANNEL_WEB_STYLE`;
CREATE TABLE `CHANNEL_WEB_STYLE`  (
  `ID` VARCHAR(32) CHARACTER SET UTF8MB4 COLLATE UTF8MB4_GENERAL_CI NOT NULL COMMENT '主键ID',
  `DIALOG_STYLE` VARCHAR(50) CHARACTER SET UTF8MB4 COLLATE UTF8MB4_GENERAL_CI NULL DEFAULT NULL COMMENT '窗口样式风格（default/left_wrap/both_wrap/right_wrap）',
  `BILLBOARD_IMG_PATH` VARCHAR(255) CHARACTER SET UTF8MB4 COLLATE UTF8MB4_GENERAL_CI NULL DEFAULT NULL COMMENT '企业广告牌（宣传牌）图片相对路径',
  `COMPANY_ABBR` VARCHAR(50) CHARACTER SET UTF8MB4 COLLATE UTF8MB4_GENERAL_CI NULL DEFAULT NULL COMMENT '企业简称',
  `COMPANY_AVATAR_IMG_PATH` VARCHAR(255) CHARACTER SET UTF8MB4 COLLATE UTF8MB4_GENERAL_CI NULL DEFAULT NULL COMMENT '企业LOGO或头像图片相对路径',
  `MESSAGE_AVATAR_IMG_PATH` VARCHAR(255) CHARACTER SET UTF8MB4 COLLATE UTF8MB4_GENERAL_CI NULL DEFAULT NULL COMMENT '系统消息头像图片相对路径',
  `SKIN_COLOR` VARCHAR(255) CHARACTER SET UTF8MB4 COLLATE UTF8MB4_GENERAL_CI NULL DEFAULT NULL COMMENT '对话框皮肤颜色（如#FFF）',
  `SHOW_CLOSE_BTN` INT(1) NULL DEFAULT NULL COMMENT '是否显示关闭按钮(显示1，不显示0)',
  `SHOW_TRANSFER_BTN` INT(1) NULL DEFAULT NULL COMMENT '是否显示转人工按钮（显示1，不显示0）',
  `HORIZONTAL_ALIGN` VARCHAR(20) CHARACTER SET UTF8MB4 COLLATE UTF8MB4_GENERAL_CI NULL DEFAULT NULL COMMENT '聊天框水平对齐方式（left/center/right）',
  `HORIZONTAL_OFFSET` INT(20) NULL DEFAULT NULL COMMENT '聊天框距离左边界水平偏移量（单位：PX）',
  `VERTICAL_ALIGN` VARCHAR(20) CHARACTER SET UTF8MB4 COLLATE UTF8MB4_GENERAL_CI NULL DEFAULT NULL COMMENT '聊天框垂直对齐方式（top/center/bottom）',
  `VERTICAL_OFFSET` INT(20) NULL DEFAULT NULL COMMENT '聊天框距离上边界垂直偏移量（单位：PX）',
  `WIDTH` INT(20) NULL DEFAULT NULL COMMENT '聊天框宽度（单位：PX）',
  `HEIGHT` INT(20) NULL DEFAULT NULL COMMENT '聊天框高度（单位：PX）',
  `OPEN_BTN_TEXT` VARCHAR(50) CHARACTER SET UTF8MB4 COLLATE UTF8MB4_GENERAL_CI NULL DEFAULT NULL COMMENT '咨询按钮文案',
  `OPEN_BTN_ICON` VARCHAR(50) CHARACTER SET UTF8MB4 COLLATE UTF8MB4_GENERAL_CI NULL DEFAULT NULL COMMENT '咨询按钮图标样式',
  `OPEN_BTN_VERTICAL_ALIGN` VARCHAR(255) CHARACTER SET UTF8MB4 COLLATE UTF8MB4_GENERAL_CI NULL DEFAULT NULL COMMENT '咨询按钮垂直方向对齐方式（top/center/bottom）',
  `OPEN_BTN_HORIZONTAL_OFFSET` INT(20) NULL DEFAULT NULL COMMENT '咨询按钮下边界水平偏移量（单位：PX）',
  `OPEN_BTN_VERTICAL_OFFSET` INT(20) NULL DEFAULT NULL COMMENT '咨询按钮右边界垂直偏移量（单位：PX）',
  PRIMARY KEY (`ID`) USING BTREE
) ENGINE = INNODB CHARACTER SET = UTF8MB4 COLLATE = UTF8MB4_GENERAL_CI ROW_FORMAT = DYNAMIC;

-- ----------------------------
-- TABLE STRUCTURE FOR COMMON_DICT
-- ----------------------------
DROP TABLE IF EXISTS `COMMON_DICT`;
CREATE TABLE `COMMON_DICT`  (
  `ID` VARCHAR(32) CHARACTER SET UTF8MB4 COLLATE UTF8MB4_GENERAL_CI NOT NULL,
  `NAME` VARCHAR(64) CHARACTER SET UTF8MB4 COLLATE UTF8MB4_GENERAL_CI NULL DEFAULT NULL,
  `TAG` VARCHAR(32) CHARACTER SET UTF8MB4 COLLATE UTF8MB4_GENERAL_CI NULL DEFAULT NULL,
  PRIMARY KEY (`ID`) USING BTREE
) ENGINE = INNODB CHARACTER SET = UTF8MB4 COLLATE = UTF8MB4_GENERAL_CI ROW_FORMAT = DYNAMIC;

-- ----------------------------
-- Records of COMMON_DICT
-- ----------------------------
INSERT INTO `COMMON_DICT` VALUES ('1', '客户接入策略', 'cust_access_strategy');
INSERT INTO `COMMON_DICT` VALUES ('2', '客户属性', 'customer_property');
INSERT INTO `COMMON_DICT` VALUES ('3', '业务对应多技能组分配策略', 'biz_skill_group_strategy');

-- ----------------------------
-- TABLE STRUCTURE FOR COMMON_DICT_ITEM
-- ----------------------------
DROP TABLE IF EXISTS `COMMON_DICT_ITEM`;
CREATE TABLE `COMMON_DICT_ITEM`  (
  `ID` VARCHAR(32) CHARACTER SET UTF8MB4 COLLATE UTF8MB4_GENERAL_CI NOT NULL,
  `NAME` VARCHAR(64) CHARACTER SET UTF8MB4 COLLATE UTF8MB4_GENERAL_CI NULL DEFAULT NULL,
  `DICT_ID` VARCHAR(32) CHARACTER SET UTF8MB4 COLLATE UTF8MB4_GENERAL_CI NULL DEFAULT NULL,
  `VALUE` VARCHAR(255) CHARACTER SET UTF8MB4 COLLATE UTF8MB4_GENERAL_CI NULL DEFAULT NULL,
  PRIMARY KEY (`ID`) USING BTREE
) ENGINE = INNODB CHARACTER SET = UTF8MB4 COLLATE = UTF8MB4_GENERAL_CI ROW_FORMAT = DYNAMIC;

-- ----------------------------
-- Records of COMMON_DICT_ITEM
-- ----------------------------
INSERT INTO `COMMON_DICT_ITEM` VALUES ('1', '随机接入', '1', 'random');
INSERT INTO `COMMON_DICT_ITEM` VALUES ('10', '会话量少优先', '3', 'session_amount');
INSERT INTO `COMMON_DICT_ITEM` VALUES ('2', '总会话时长低优先', '1', 'session_time');
INSERT INTO `COMMON_DICT_ITEM` VALUES ('3', '会话量低优先', '1', 'session_amount');
INSERT INTO `COMMON_DICT_ITEM` VALUES ('5', '售前', '2', 'pre_sale');
INSERT INTO `COMMON_DICT_ITEM` VALUES ('6', '售中', '2', 'in_sale');
INSERT INTO `COMMON_DICT_ITEM` VALUES ('7', '售后', '2', 'post_sale');
INSERT INTO `COMMON_DICT_ITEM` VALUES ('8', '随机分配', '3', 'random');
INSERT INTO `COMMON_DICT_ITEM` VALUES ('9', '会话总时长低优先', '3', 'session_time');
INSERT INTO `COMMON_DICT_ITEM` VALUES ('11', '组内分配轮流', '1', 'rotate_in_group');
INSERT INTO `common_dict_item` VALUES ('12', '空闲优先', '1', 'current_session_amount');

-- ----------------------------
-- TABLE STRUCTURE FOR CRM_BLOCKLIST_CUSTOMER
-- ----------------------------
DROP TABLE IF EXISTS `CRM_BLOCKLIST_CUSTOMER`;
CREATE TABLE `CRM_BLOCKLIST_CUSTOMER`
(
    `ID`                    VARCHAR(32) CHARACTER SET UTF8MB4 COLLATE UTF8MB4_GENERAL_CI   NOT NULL,
    `CUSTOMER_ID`           VARCHAR(32) CHARACTER SET UTF8MB4 COLLATE UTF8MB4_GENERAL_CI   NULL DEFAULT NULL COMMENT '客户ID',
    `CUSTOMER_CHINES_NAME`  VARCHAR(50) CHARACTER SET UTF8MB4 COLLATE UTF8MB4_GENERAL_CI   NULL DEFAULT NULL COMMENT '客户中文名',
    `REPORT_TIME`           DATETIME(0)                                                    NULL DEFAULT NULL COMMENT '举报时间',
    `EXPIRY_TIME`           DATETIME(0)                                                    NULL DEFAULT NULL COMMENT '失效时间',
    `REPORT_REASONS`        VARCHAR(600) CHARACTER SET UTF8MB4 COLLATE UTF8MB4_GENERAL_CI  NULL DEFAULT NULL COMMENT '举报原因',
    `REPORT_CHANNEL`        INT(11)                                                        NULL DEFAULT NULL COMMENT '举报渠道:0-电话;1-在线',
    `REPORT_SERVICE_RECORD` VARCHAR(1000) CHARACTER SET UTF8MB4 COLLATE UTF8MB4_GENERAL_CI NULL DEFAULT NULL COMMENT '举报服务记录(暂定存数据)',
    `STATUS`                INT(11)                                                        NULL DEFAULT NULL COMMENT '状态: 0-待审核;1-生效中;2-已拒绝',
    `CREATE_USER`           VARCHAR(32) CHARACTER SET UTF8MB4 COLLATE UTF8MB4_GENERAL_CI   NULL DEFAULT NULL COMMENT '创建人',
    `CREATE_USER_NAME`      VARCHAR(50) CHARACTER SET UTF8MB4 COLLATE UTF8MB4_GENERAL_CI   NULL DEFAULT NULL COMMENT '创建人中文名',
    `CREATE_DATE`           DATETIME(0)                                                    NULL DEFAULT NULL COMMENT '创建时间',
    `MODIFY_USER`           VARCHAR(255) CHARACTER SET UTF8MB4 COLLATE UTF8MB4_GENERAL_CI  NULL DEFAULT NULL COMMENT '修改人',
    `MODIFY_USER_NAME`      VARCHAR(255) CHARACTER SET UTF8MB4 COLLATE UTF8MB4_GENERAL_CI  NULL DEFAULT NULL COMMENT '修改人中文名',
    `MODIFY_DATE`           DATETIME(0)                                                    NULL DEFAULT NULL COMMENT '修改时间',
    `DEL_FLAG`              TINYINT(4)                                                     NULL DEFAULT 0 COMMENT '删除标识：0-正常；1-逻辑删除',
    PRIMARY KEY (`ID`) USING BTREE
) ENGINE = INNODB
  CHARACTER SET = UTF8MB4
  COLLATE = UTF8MB4_GENERAL_CI COMMENT = '黑名单客户表'
  ROW_FORMAT = DYNAMIC;

-- ----------------------------
-- TABLE STRUCTURE FOR CRM_CONFIG
-- ----------------------------
DROP TABLE IF EXISTS `CRM_CONFIG`;
CREATE TABLE `CRM_CONFIG`
(
    `ID`               VARCHAR(32) CHARACTER SET UTF8MB4 COLLATE UTF8MB4_GENERAL_CI   NOT NULL COMMENT '主键',
    `FIELD_NAME`       VARCHAR(100) CHARACTER SET UTF8MB4 COLLATE UTF8MB4_GENERAL_CI  NULL     DEFAULT NULL COMMENT '参数名称',
    `FIELD_VAL`        VARCHAR(500) CHARACTER SET UTF8MB4 COLLATE UTF8MB4_GENERAL_CI  NULL     DEFAULT NULL COMMENT '参数值',
    `FIELD_DESC`       VARCHAR(1000) CHARACTER SET UTF8MB4 COLLATE UTF8MB4_GENERAL_CI NULL     DEFAULT NULL COMMENT '参数注释',
    `MODULE`           TINYINT(4)                                                     NOT NULL DEFAULT 3 COMMENT '模块:0:客户保存规则,1:联系计划',
    `CREATE_USER`      VARCHAR(32) CHARACTER SET UTF8MB4 COLLATE UTF8MB4_GENERAL_CI   NULL     DEFAULT NULL COMMENT '创建人',
    `CREATE_USER_NAME` VARCHAR(50) CHARACTER SET UTF8MB4 COLLATE UTF8MB4_GENERAL_CI   NULL     DEFAULT NULL COMMENT '创建人中文名',
    `CREATE_DATE`      DATETIME(0)                                                    NULL     DEFAULT NULL COMMENT '创建时间',
    `MODIFY_USER`      VARCHAR(32) CHARACTER SET UTF8MB4 COLLATE UTF8MB4_GENERAL_CI   NULL     DEFAULT NULL COMMENT '修改人',
    `MODIFY_USER_NAME` VARCHAR(50) CHARACTER SET UTF8MB4 COLLATE UTF8MB4_GENERAL_CI   NULL     DEFAULT NULL COMMENT '修改人中文名',
    `MODIFY_DATE`      DATETIME(1)                                                    NULL     DEFAULT NULL COMMENT '修改时间',
    `DEL_FLAG`         TINYINT(4)                                                     NULL     DEFAULT 0 COMMENT '删除标识：0-正常；1-逻辑删除',
    PRIMARY KEY (`ID`) USING BTREE
) ENGINE = INNODB
  CHARACTER SET = UTF8MB4
  COLLATE = UTF8MB4_GENERAL_CI COMMENT = '客户管理系统配置表'
  ROW_FORMAT = DYNAMIC;

-- ----------------------------
-- TABLE STRUCTURE FOR CRM_CONN_PLAN
-- ----------------------------
DROP TABLE IF EXISTS `CRM_CONN_PLAN`;
CREATE TABLE `CRM_CONN_PLAN`
(
    `ID`                   VARCHAR(32) CHARACTER SET UTF8MB4 COLLATE UTF8MB4_GENERAL_CI   NOT NULL COMMENT '主键',
    `PLAN_TITLE`           VARCHAR(255) CHARACTER SET UTF8MB4 COLLATE UTF8MB4_GENERAL_CI  NULL DEFAULT NULL COMMENT '计划标题',
    `PLAN_CONTENT`         VARCHAR(1000) CHARACTER SET UTF8MB4 COLLATE UTF8MB4_GENERAL_CI NULL DEFAULT NULL COMMENT '计划目标',
    `PLAN_START_TIME`      DATETIME(0)                                                    NULL DEFAULT NULL COMMENT '计划开始时间',
    `PLAN_END_TIME`        DATETIME(0)                                                    NULL DEFAULT NULL COMMENT '计划结束时间',
    `CUSTOMER_PROPERTY`    VARCHAR(64) CHARACTER SET UTF8MB4 COLLATE UTF8MB4_GENERAL_CI   NULL DEFAULT NULL COMMENT '客户属性',
    `CUSTOMER_PROPERTY_ID` VARCHAR(32) CHARACTER SET UTF8MB4 COLLATE UTF8MB4_GENERAL_CI   NULL DEFAULT NULL COMMENT '客户属性ID',
    `PLAN_LEVEL`           INT(11)                                                        NULL DEFAULT NULL COMMENT '计划优先级：0-较低；1-一般；2-较高；3-很高；默认为1',
    `CUSTOMER_TOTAL`       INT(11)                                                        NULL DEFAULT NULL COMMENT '客户总数',
    `PLAN_STATUS`          INT(11)                                                        NULL DEFAULT NULL COMMENT '	计划状态：0-未开始、1-进行中、2-未完成、3-已完成',
    `CREATE_USER`          VARCHAR(32) CHARACTER SET UTF8MB4 COLLATE UTF8MB4_GENERAL_CI   NULL DEFAULT NULL COMMENT '创建人',
    `CREATE_USER_NAME`     VARCHAR(50) CHARACTER SET UTF8MB4 COLLATE UTF8MB4_GENERAL_CI   NULL DEFAULT NULL COMMENT '创建人中文名',
    `CREATE_DATE`          DATETIME(0)                                                    NULL DEFAULT NULL COMMENT '创建时间',
    `MODIFY_USER`          VARCHAR(32) CHARACTER SET UTF8MB4 COLLATE UTF8MB4_GENERAL_CI   NULL DEFAULT NULL COMMENT '修改人',
    `MODIFY_USER_NAME`     VARCHAR(50) CHARACTER SET UTF8MB4 COLLATE UTF8MB4_GENERAL_CI   NULL DEFAULT NULL COMMENT '修改人中文名',
    `MODIFY_DATE`          DATETIME(0)                                                    NULL DEFAULT NULL COMMENT '修改时间',
    `DEL_FLAG`             TINYINT(4)                                                     NULL DEFAULT 0 COMMENT '删除标识：0-正常；1-逻辑删除',
    `SKILL_PROPERTY`       VARCHAR(255) CHARACTER SET UTF8MB4 COLLATE UTF8MB4_GENERAL_CI  NULL DEFAULT NULL COMMENT '技能组属性',
    `SKILL_PROPERTY_ID`    VARCHAR(255) CHARACTER SET UTF8MB4 COLLATE UTF8MB4_GENERAL_CI  NULL DEFAULT NULL COMMENT '技能组属性ID',
    PRIMARY KEY (`ID`) USING BTREE
) ENGINE = INNODB
  CHARACTER SET = UTF8MB4
  COLLATE = UTF8MB4_GENERAL_CI COMMENT = '联系计划表'
  ROW_FORMAT = DYNAMIC;

-- ----------------------------
-- TABLE STRUCTURE FOR CRM_CUSTOMER_COL
-- ----------------------------
DROP TABLE IF EXISTS `CRM_CUSTOMER_COL`;
CREATE TABLE `CRM_CUSTOMER_COL`
(
    `ID`               VARCHAR(32) CHARACTER SET UTF8MB4 COLLATE UTF8MB4_GENERAL_CI  NOT NULL COMMENT '主键',
    `NAME`             VARCHAR(200) CHARACTER SET UTF8MB4 COLLATE UTF8MB4_GENERAL_CI NULL DEFAULT NULL COMMENT '列名',
    `NAME_EN`          VARCHAR(255) CHARACTER SET UTF8MB4 COLLATE UTF8MB4_GENERAL_CI NULL DEFAULT NULL COMMENT '列英文名，对应数据表中的字段名',
    `TYPE`             VARCHAR(20) CHARACTER SET UTF8MB4 COLLATE UTF8MB4_GENERAL_CI  NULL DEFAULT NULL COMMENT '字段类型',
    `COL_STATUS`       INT(11)                                                       NULL DEFAULT NULL COMMENT '字段状态：0-关闭；1-开启',
    `COL_INDEX`        INT(11)                                                       NULL DEFAULT NULL COMMENT '与自定义数据表关联',
    `COL_ORDER`        INT(11)                                                       NULL DEFAULT 99 COMMENT '自定义列排序字段',
    `SHOW_SYS`         VARCHAR(128) CHARACTER SET UTF8MB4 COLLATE UTF8MB4_GENERAL_CI NULL DEFAULT NULL COMMENT '字段在哪些系统模块中展示，存的值为系统英文简称，例如客户管理-CRM',
    `CREATE_USER`      VARCHAR(32) CHARACTER SET UTF8MB4 COLLATE UTF8MB4_GENERAL_CI  NULL DEFAULT NULL COMMENT '创建人',
    `CREATE_USER_NAME` VARCHAR(50) CHARACTER SET UTF8MB4 COLLATE UTF8MB4_GENERAL_CI  NULL DEFAULT NULL COMMENT '创建人中文名',
    `CREATE_DATE`      DATETIME(0)                                                   NULL DEFAULT NULL COMMENT '创建时间',
    `MODIFY_USER`      VARCHAR(255) CHARACTER SET UTF8MB4 COLLATE UTF8MB4_GENERAL_CI NULL DEFAULT NULL COMMENT '修改人',
    `MODIFY_USER_NAME` VARCHAR(255) CHARACTER SET UTF8MB4 COLLATE UTF8MB4_GENERAL_CI NULL DEFAULT NULL COMMENT '修改人中文名',
    `MODIFY_DATE`      DATETIME(0)                                                   NULL DEFAULT NULL COMMENT '修改时间',
    `DEL_FLAG`         TINYINT(4)                                                    NULL DEFAULT 0 COMMENT '删除标识：0-正常；1-逻辑删除',
    `TAG`              VARCHAR(255) CHARACTER SET UTF8MB4 COLLATE UTF8MB4_GENERAL_CI NULL DEFAULT NULL COMMENT '自定义字段唯一标识',
    `FIELD_VALUES`     VARCHAR(255) CHARACTER SET UTF8MB4 COLLATE UTF8MB4_GENERAL_CI NULL DEFAULT NULL COMMENT '自定义字段枚举',
    PRIMARY KEY (`ID`) USING BTREE
) ENGINE = INNODB
  CHARACTER SET = UTF8MB4
  COLLATE = UTF8MB4_GENERAL_CI COMMENT = '客户信息自定义字段表'
  ROW_FORMAT = DYNAMIC;

-- ----------------------------
-- RECORDS OF CRM_CUSTOMER_COL
-- ----------------------------
INSERT INTO `CRM_CUSTOMER_COL` VALUES ('55e8fc4b0583416587a2de54848f89ee', '姓名', 'NAME_CN', 'default_type', 2, 0, 1, 'AICC_CRM,AICC_WORKBENCH', NULL, NULL, '2020-05-07 16:14:50', '001588928289396012177e1d5cb59a5d', 'shashaWei', '2020-05-08 17:09:55', 0, 'name', 'blank');
INSERT INTO `CRM_CUSTOMER_COL` VALUES ('8fff2fc7933d4e68acff4d4d5bbf68cc', '手机', 'PHONE', 'default_type', 2, 0, 2, 'AICC_CRM,AICC_WORKBENCH', NULL, NULL, NULL, NULL, NULL, NULL, 0, 'mobile', 'blank');
INSERT INTO `CRM_CUSTOMER_COL` VALUES ('bb602fa463ee4da5a26d1ad2793a6c75', '邮箱', 'EMAIL', 'default_type', 2, 0, 3, 'AICC_CRM,AICC_WORKBENCH', NULL, NULL, '2020-05-08 14:52:36', '001588822827321001697e1d5cb59a5d', 'shashaWei', '2020-05-08 14:52:36', 0, 'email', 'blank');
INSERT INTO `CRM_CUSTOMER_COL` VALUES ('dc89e4a55caa40deb74ef6e650b96d7b', '地址', 'ADDR', 'default_type', 2, 0, 4, 'AICC_CRM', NULL, NULL, '2020-05-08 12:57:01', '001588928289396012177e1d5cb59a5d', 'shashaWei', '2020-05-08 17:08:15', 0, 'address', 'blank');
INSERT INTO `CRM_CUSTOMER_COL` VALUES ('636bd0aac50c428a8d95edd959d0400c', '属性', 'PROPERTY', 'default_type', 2, 0, 5, 'AICC_CRM', NULL, NULL, NULL, '001588928289396012177e1d5cb59a5d', 'shashaWei', '2020-05-08 17:09:09', 0, 'customer_property', 'blank');
INSERT INTO `CRM_CUSTOMER_COL` VALUES ('0236f8f67a1e41dc89d4c62499d7f47f', '标签', 'LABEL', 'default_type', 2, 0, 6, 'AICC_CRM,AICC_WORKBENCH', NULL, NULL, '2020-05-08 14:08:49', '001588928326414012237e1d5cb59a5d', 'xiaochuang', '2020-05-08 17:18:16', 0, 'default_label', 'blank');
INSERT INTO `CRM_CUSTOMER_COL` VALUES ('d850911971514d4d85e55d646651d3df', '等级', 'LEVEL_', 'default_type', 1, 0, 7, 'AICC_WORKBENCH', NULL, NULL, NULL, '001588928289396012177e1d5cb59a5d', 'shashaWei', '2020-05-08 17:07:21', 0, 'level', 'blank');
INSERT INTO `CRM_CUSTOMER_COL` VALUES ('20a4581af6d74d4ea0092149302e04d0', '负责人', 'PRINCIPAL_NAME', 'default_type', 1, 0, 8, NULL, NULL, NULL, '2020-05-08 14:33:09', '001588913785588011157e1d5cb59a5d', 'yangyang', '2020-05-08 14:33:09', 0, 'director', 'blank');
INSERT INTO `CRM_CUSTOMER_COL` VALUES ('5acb6f1be351431ea01fcf52ff8f8237', '来源终端', 'SOURCE', 'default_type', 0, 0, 9, '', NULL, NULL, NULL, '001588928289396012177e1d5cb59a5d', 'shashaWei', '2020-05-08 17:08:50', 0, 'terminal', 'blank');
INSERT INTO `CRM_CUSTOMER_COL` VALUES ('a39623827e9e433e8a2c43cffa3b7b81', '创建时间', 'CREATE_DATE', 'default_type', 2, 0, 10, 'AICC_CRM', NULL, NULL, '2020-05-08 14:52:34', '001588822827321001697e1d5cb59a5d', 'shashaWei', '2020-05-08 14:52:34', 0, 'create_time', 'blank');
INSERT INTO `CRM_CUSTOMER_COL` VALUES ('c64c86c4a5e6416788a7c9452f6094f4', '更新时间', 'MODIFY_DATE', 'default_type', 2, 0, 11, 'AICC_CRM', NULL, NULL, '2020-05-08 14:52:38', '001588822827321001697e1d5cb59a5d', 'shashaWei', '2020-05-08 14:52:38', 0, 'update_time', 'blank');
INSERT INTO `CRM_CUSTOMER_COL` VALUES ('74d86785715947198a9d77b3539cff64', '首次会话时间', 'CONVERSATION_FIRST', 'default_type', 0, 0, 12, 'AICC_CRM', NULL, NULL, NULL, '001588928289396012177e1d5cb59a5d', 'shashaWei', '2020-05-08 17:09:39', 0, 'first_session_time', 'blank');
INSERT INTO `CRM_CUSTOMER_COL` VALUES ('74da4e560f244d868ee0b60ed442ef75', '最后一次会话时间', 'CONVERSATION_LAST', 'default_type', 1, 0, 13, 'AICC_CRM', NULL, NULL, NULL, NULL, NULL, NULL, 0, 'last_session_time', 'blank');
INSERT INTO `CRM_CUSTOMER_COL` VALUES ('2574cc1a2c1c4a098746a2abd9c41acb', '首次电联时间', 'TEL_CONN_FIRST', 'default_type', 1, 0, 14, 'AICC_CRM', NULL, NULL, '2020-05-07 16:14:50', '001589263233452026317e1d5cb59a5d', 'admin', '2020-05-12 16:59:10', 0, 'first_call_time', 'blank');
INSERT INTO `CRM_CUSTOMER_COL` VALUES ('f8c60f517cef4537b89b49c917f7178b', '最后一次电联时间', 'TEL_CONN_LAST', 'default_type', 0, 0, 15, 'AICC_CRM', NULL, NULL, '2020-05-08 12:56:58', '001588913785588011157e1d5cb59a5d', 'yangyang', '2020-05-08 12:56:58', 0, 'last_call_time', 'blank');
INSERT INTO `CRM_CUSTOMER_COL` VALUES ('27e6b1d6a2934c5487b91284bfbb1252', '访客备注', 'REMARKS', 'default_type', 1, 0, 16, 'AICC_CRM,AICC_WORKBENCH', NULL, NULL, NULL, NULL, NULL, NULL, 0, 'visitor_remark', 'blank');

-- ----------------------------
-- TABLE STRUCTURE FOR CRM_CUSTOMER_DATA
-- ----------------------------
DROP TABLE IF EXISTS `CRM_CUSTOMER_DATA`;
CREATE TABLE `CRM_CUSTOMER_DATA`
(
    `ID`                 VARCHAR(32) CHARACTER SET UTF8MB4 COLLATE UTF8MB4_GENERAL_CI   NOT NULL COMMENT '主键',
    `NAME_CN`            VARCHAR(50) CHARACTER SET UTF8MB4 COLLATE UTF8MB4_GENERAL_CI   NULL DEFAULT NULL COMMENT '客户姓名',
    `PHONE`              VARCHAR(64) CHARACTER SET UTF8MB4 COLLATE UTF8MB4_GENERAL_CI   NOT NULL COMMENT '客户手机号',
    `VISIT_ID`           VARCHAR(255) CHARACTER SET UTF8MB4 COLLATE UTF8MB4_GENERAL_CI  NULL DEFAULT NULL,
    `EMAIL`              VARCHAR(40) CHARACTER SET UTF8MB4 COLLATE UTF8MB4_GENERAL_CI   NULL DEFAULT NULL COMMENT '客户联系邮箱',
    `ADDR`               VARCHAR(255) CHARACTER SET UTF8MB4 COLLATE UTF8MB4_GENERAL_CI  NULL DEFAULT NULL COMMENT '客户地址',
    `PROPERTY`           VARCHAR(50) CHARACTER SET UTF8MB4 COLLATE UTF8MB4_GENERAL_CI   NULL DEFAULT NULL COMMENT '客户属性中文名',
    `PROPERTY_ID`        VARCHAR(32) CHARACTER SET UTF8MB4 COLLATE UTF8MB4_GENERAL_CI   NULL DEFAULT NULL COMMENT '客户属性ID/代码',
    `LEVEL_`              INT(11)                                                        NULL DEFAULT 0 COMMENT '客户等级：0-普通；1-VIP；默认为0',
    `SOURCE`             VARCHAR(20) CHARACTER SET UTF8MB4 COLLATE UTF8MB4_GENERAL_CI   NOT NULL COMMENT '渠道，客户注册时的系统，必填',
    `REMARKS`            VARCHAR(2000) CHARACTER SET UTF8MB4 COLLATE UTF8MB4_GENERAL_CI NULL DEFAULT NULL COMMENT '备注',
    `LOCATION`           VARCHAR(200) CHARACTER SET UTF8MB4 COLLATE UTF8MB4_GENERAL_CI  NULL DEFAULT NULL COMMENT '客户籍贯（归属地）',
    `CONVERSATION_FIRST` DATETIME(0)                                                    NULL DEFAULT NULL COMMENT '首次会话时间',
    `CONVERSATION_LAST`  DATETIME(0)                                                    NULL DEFAULT NULL COMMENT '最后会话时间',
    `TEL_CONN_FIRST`     DATETIME(0)                                                    NULL DEFAULT NULL COMMENT '首次电联时间',
    `TEL_CONN_LAST`      DATETIME(0)                                                    NULL DEFAULT NULL COMMENT '最后一次电联时间',
    `PRINCIPAL`          VARCHAR(32) CHARACTER SET UTF8MB4 COLLATE UTF8MB4_GENERAL_CI   NULL DEFAULT NULL COMMENT '负责人应该是存USERID',
    `PRINCIPAL_NAME`     VARCHAR(50) CHARACTER SET UTF8MB4 COLLATE UTF8MB4_GENERAL_CI   NULL DEFAULT NULL COMMENT '负责人中文名',
    `CREATE_USER`        VARCHAR(32) CHARACTER SET UTF8MB4 COLLATE UTF8MB4_GENERAL_CI   NULL DEFAULT NULL COMMENT '创建人',
    `CREATE_USER_NAME`   VARCHAR(50) CHARACTER SET UTF8MB4 COLLATE UTF8MB4_GENERAL_CI   NULL DEFAULT NULL COMMENT '创建人中文名',
    `CREATE_DATE`        DATETIME(0)                                                    NULL DEFAULT NULL COMMENT '创建时间',
    `MODIFY_USER`        VARCHAR(32) CHARACTER SET UTF8MB4 COLLATE UTF8MB4_GENERAL_CI   NULL DEFAULT NULL COMMENT '修改人',
    `MODIFY_USER_NAME`   VARCHAR(50) CHARACTER SET UTF8MB4 COLLATE UTF8MB4_GENERAL_CI   NULL DEFAULT NULL COMMENT '修改人中文名',
    `MODIFY_DATE`        DATETIME(0)                                                    NULL DEFAULT NULL COMMENT '修改时间',
    `DEL_FLAG`           TINYINT(4)                                                     NULL DEFAULT 0 COMMENT '删除标识：0-正常；1-逻辑删除',
`COL1`               TEXT CHARACTER SET UTF8MB4 COLLATE UTF8MB4_GENERAL_CI          NULL,
    `COL2`               TEXT CHARACTER SET UTF8MB4 COLLATE UTF8MB4_GENERAL_CI          NULL,
    `COL3`               TEXT CHARACTER SET UTF8MB4 COLLATE UTF8MB4_GENERAL_CI          NULL,
    `COL4`               TEXT CHARACTER SET UTF8MB4 COLLATE UTF8MB4_GENERAL_CI          NULL,
    `COL5`               TEXT CHARACTER SET UTF8MB4 COLLATE UTF8MB4_GENERAL_CI          NULL,
    `COL6`               TEXT CHARACTER SET UTF8MB4 COLLATE UTF8MB4_GENERAL_CI          NULL,
    `COL7`               TEXT CHARACTER SET UTF8MB4 COLLATE UTF8MB4_GENERAL_CI          NULL,
    `COL8`               TEXT CHARACTER SET UTF8MB4 COLLATE UTF8MB4_GENERAL_CI          NULL,
    `COL9`               TEXT CHARACTER SET UTF8MB4 COLLATE UTF8MB4_GENERAL_CI          NULL,
    `COL10`              TEXT CHARACTER SET UTF8MB4 COLLATE UTF8MB4_GENERAL_CI          NULL,
    `COL11`              TEXT CHARACTER SET UTF8MB4 COLLATE UTF8MB4_GENERAL_CI          NULL,
    `COL12`              TEXT CHARACTER SET UTF8MB4 COLLATE UTF8MB4_GENERAL_CI          NULL,
    `COL13`              TEXT CHARACTER SET UTF8MB4 COLLATE UTF8MB4_GENERAL_CI          NULL,
    `COL14`              TEXT CHARACTER SET UTF8MB4 COLLATE UTF8MB4_GENERAL_CI          NULL,
    `COL15`              TEXT CHARACTER SET UTF8MB4 COLLATE UTF8MB4_GENERAL_CI          NULL,
    `COL16`              TEXT CHARACTER SET UTF8MB4 COLLATE UTF8MB4_GENERAL_CI          NULL,
    `COL17`              TEXT CHARACTER SET UTF8MB4 COLLATE UTF8MB4_GENERAL_CI          NULL,
    `COL18`              TEXT CHARACTER SET UTF8MB4 COLLATE UTF8MB4_GENERAL_CI          NULL,
    `COL19`              TEXT CHARACTER SET UTF8MB4 COLLATE UTF8MB4_GENERAL_CI          NULL,
    `COL20`              TEXT CHARACTER SET UTF8MB4 COLLATE UTF8MB4_GENERAL_CI          NULL,
    `COL21`              TEXT CHARACTER SET UTF8MB4 COLLATE UTF8MB4_GENERAL_CI          NULL,
    `COL22`              TEXT CHARACTER SET UTF8MB4 COLLATE UTF8MB4_GENERAL_CI          NULL,
    `COL23`              TEXT CHARACTER SET UTF8MB4 COLLATE UTF8MB4_GENERAL_CI          NULL,
    `COL24`              TEXT CHARACTER SET UTF8MB4 COLLATE UTF8MB4_GENERAL_CI          NULL,
    `COL25`              TEXT CHARACTER SET UTF8MB4 COLLATE UTF8MB4_GENERAL_CI          NULL,
    `COL26`              TEXT CHARACTER SET UTF8MB4 COLLATE UTF8MB4_GENERAL_CI          NULL,
    `COL27`              TEXT CHARACTER SET UTF8MB4 COLLATE UTF8MB4_GENERAL_CI          NULL,
    `COL28`              TEXT CHARACTER SET UTF8MB4 COLLATE UTF8MB4_GENERAL_CI          NULL,
    `COL29`              TEXT CHARACTER SET UTF8MB4 COLLATE UTF8MB4_GENERAL_CI          NULL,
    `COL30`              TEXT CHARACTER SET UTF8MB4 COLLATE UTF8MB4_GENERAL_CI          NULL,
    `COL31`              TEXT CHARACTER SET UTF8MB4 COLLATE UTF8MB4_GENERAL_CI          NULL,
    `COL32`              TEXT CHARACTER SET UTF8MB4 COLLATE UTF8MB4_GENERAL_CI          NULL,
    `COL33`              TEXT CHARACTER SET UTF8MB4 COLLATE UTF8MB4_GENERAL_CI          NULL,
    `COL34`              TEXT CHARACTER SET UTF8MB4 COLLATE UTF8MB4_GENERAL_CI          NULL,
    `COL35`              TEXT CHARACTER SET UTF8MB4 COLLATE UTF8MB4_GENERAL_CI          NULL,
    `COL36`              TEXT CHARACTER SET UTF8MB4 COLLATE UTF8MB4_GENERAL_CI          NULL,
    `COL37`              TEXT CHARACTER SET UTF8MB4 COLLATE UTF8MB4_GENERAL_CI          NULL,
    `COL38`              TEXT CHARACTER SET UTF8MB4 COLLATE UTF8MB4_GENERAL_CI          NULL,
    `COL39`              TEXT CHARACTER SET UTF8MB4 COLLATE UTF8MB4_GENERAL_CI          NULL,
    `COL40`              TEXT CHARACTER SET UTF8MB4 COLLATE UTF8MB4_GENERAL_CI          NULL,
    `COL41`              TEXT CHARACTER SET UTF8MB4 COLLATE UTF8MB4_GENERAL_CI          NULL,
    `COL42`              TEXT CHARACTER SET UTF8MB4 COLLATE UTF8MB4_GENERAL_CI          NULL,
    `COL43`              TEXT CHARACTER SET UTF8MB4 COLLATE UTF8MB4_GENERAL_CI          NULL,
    `COL44`              TEXT CHARACTER SET UTF8MB4 COLLATE UTF8MB4_GENERAL_CI          NULL,
    `COL45`              TEXT CHARACTER SET UTF8MB4 COLLATE UTF8MB4_GENERAL_CI          NULL,
    `COL46`              TEXT CHARACTER SET UTF8MB4 COLLATE UTF8MB4_GENERAL_CI          NULL,
    `COL47`              TEXT CHARACTER SET UTF8MB4 COLLATE UTF8MB4_GENERAL_CI          NULL,
    `COL48`              TEXT CHARACTER SET UTF8MB4 COLLATE UTF8MB4_GENERAL_CI          NULL,
    `COL49`              TEXT CHARACTER SET UTF8MB4 COLLATE UTF8MB4_GENERAL_CI          NULL,
    `COL50`              TEXT CHARACTER SET UTF8MB4 COLLATE UTF8MB4_GENERAL_CI          NULL,
    PRIMARY KEY (`ID`) USING BTREE
) ENGINE = INNODB
  CHARACTER SET = UTF8MB4
  COLLATE = UTF8MB4_GENERAL_CI COMMENT = '自定义列数据表'
  ROW_FORMAT = DYNAMIC;

-- ----------------------------
-- TABLE STRUCTURE FOR CRM_CUSTOMER_LABEL
-- ----------------------------
DROP TABLE IF EXISTS `CRM_CUSTOMER_LABEL`;
CREATE TABLE `CRM_CUSTOMER_LABEL`
(
    `ID`          VARCHAR(32) CHARACTER SET UTF8MB4 COLLATE UTF8MB4_GENERAL_CI NOT NULL COMMENT '主键',
    `CUSTOMER_ID` VARCHAR(32) CHARACTER SET UTF8MB4 COLLATE UTF8MB4_GENERAL_CI NULL DEFAULT NULL COMMENT '客户ID',
    `LABEL_ID`    VARCHAR(32) CHARACTER SET UTF8MB4 COLLATE UTF8MB4_GENERAL_CI NULL DEFAULT NULL COMMENT '标签ID',
    PRIMARY KEY (`ID`) USING BTREE
) ENGINE = INNODB
  CHARACTER SET = UTF8MB4
  COLLATE = UTF8MB4_GENERAL_CI COMMENT = '客户-标签关联表'
  ROW_FORMAT = DYNAMIC;

-- ----------------------------
-- TABLE STRUCTURE FOR CRM_CUSTOMER_PLAN
-- ----------------------------
DROP TABLE IF EXISTS `CRM_CUSTOMER_PLAN`;
CREATE TABLE `CRM_CUSTOMER_PLAN`
(
    `ID`               VARCHAR(32) CHARACTER SET UTF8MB4 COLLATE UTF8MB4_GENERAL_CI  NOT NULL COMMENT '主键',
    `PLAN_ID`          VARCHAR(32) CHARACTER SET UTF8MB4 COLLATE UTF8MB4_GENERAL_CI  NULL DEFAULT NULL COMMENT '列名',
    `CUSTOMER_ID`      VARCHAR(32) CHARACTER SET UTF8MB4 COLLATE UTF8MB4_GENERAL_CI  NULL DEFAULT NULL COMMENT '客户ID',
    `STATUS`           INT(11)                                                       NULL DEFAULT NULL COMMENT '处理状态：0：未处理；1：已处理',
    `CREATE_USER`      VARCHAR(32) CHARACTER SET UTF8MB4 COLLATE UTF8MB4_GENERAL_CI  NULL DEFAULT NULL COMMENT '创建人',
    `CREATE_USER_NAME` VARCHAR(50) CHARACTER SET UTF8MB4 COLLATE UTF8MB4_GENERAL_CI  NULL DEFAULT NULL COMMENT '创建人中文名',
    `CREATE_DATE`      DATETIME(0)                                                   NULL DEFAULT NULL COMMENT '创建时间',
    `MODIFY_USER`      VARCHAR(255) CHARACTER SET UTF8MB4 COLLATE UTF8MB4_GENERAL_CI NULL DEFAULT NULL COMMENT '修改人',
    `MODIFY_USER_NAME` VARCHAR(255) CHARACTER SET UTF8MB4 COLLATE UTF8MB4_GENERAL_CI NULL DEFAULT NULL COMMENT '修改人中文名',
    `MODIFY_DATE`      DATETIME(0)                                                   NULL DEFAULT NULL COMMENT '修改时间',
    `DEL_FLAG`         TINYINT(4)                                                    NULL DEFAULT 0 COMMENT '删除标识：0-正常；1-逻辑删除',
    PRIMARY KEY (`ID`) USING BTREE
) ENGINE = INNODB
  CHARACTER SET = UTF8MB4
  COLLATE = UTF8MB4_GENERAL_CI COMMENT = '计划与客户关联表'
  ROW_FORMAT = DYNAMIC;

-- ----------------------------
-- TABLE STRUCTURE FOR CRM_LABEL
-- ----------------------------
DROP TABLE IF EXISTS `CRM_LABEL`;
CREATE TABLE `CRM_LABEL`
(
    `ID`               VARCHAR(32) CHARACTER SET UTF8MB4 COLLATE UTF8MB4_GENERAL_CI  NOT NULL COMMENT 'ID',
    `NAME`             VARCHAR(32) CHARACTER SET UTF8MB4 COLLATE UTF8MB4_GENERAL_CI  NULL DEFAULT NULL COMMENT '标签名',
    `COLOR`            VARCHAR(100) CHARACTER SET UTF8MB4 COLLATE UTF8MB4_GENERAL_CI NULL DEFAULT NULL COMMENT '标签颜色',
    `USE_COUNT`        INT(11)                                                       NULL DEFAULT 0 COMMENT '标签使用次数',
    `CREATE_USER`      VARCHAR(32) CHARACTER SET UTF8MB4 COLLATE UTF8MB4_GENERAL_CI  NULL DEFAULT NULL COMMENT '创建人',
    `CREATE_USER_NAME` VARCHAR(50) CHARACTER SET UTF8MB4 COLLATE UTF8MB4_GENERAL_CI  NULL DEFAULT NULL COMMENT '创建人中文名',
    `CREATE_DATE`      DATETIME(0)                                                   NULL DEFAULT NULL COMMENT '创建时间',
    `MODIFY_USER`      VARCHAR(32) CHARACTER SET UTF8MB4 COLLATE UTF8MB4_GENERAL_CI  NULL DEFAULT NULL COMMENT '修改人',
    `MODIFY_USER_NAME` VARCHAR(50) CHARACTER SET UTF8MB4 COLLATE UTF8MB4_GENERAL_CI  NULL DEFAULT NULL COMMENT '修改人中文名',
    `MODIFY_DATE`      DATETIME(0)                                                   NULL DEFAULT NULL COMMENT '修改时间',
    `DEL_FLAG`         TINYINT(4)                                                    NULL DEFAULT 0 COMMENT '删除标识：0-正常；1-逻辑删除',
    PRIMARY KEY (`ID`) USING BTREE
) ENGINE = INNODB
  CHARACTER SET = UTF8MB4
  COLLATE = UTF8MB4_GENERAL_CI COMMENT = '标签表'
  ROW_FORMAT = DYNAMIC;

-- ----------------------------
-- TABLE STRUCTURE FOR CRM_MENU
-- ----------------------------
DROP TABLE IF EXISTS `CRM_MENU`;
CREATE TABLE `CRM_MENU`
(
    `ID`               VARCHAR(32) CHARACTER SET UTF8MB4 COLLATE UTF8MB4_GENERAL_CI  NOT NULL COMMENT '主键',
    `PARENT_ID`        VARCHAR(32) CHARACTER SET UTF8MB4 COLLATE UTF8MB4_GENERAL_CI  NULL DEFAULT NULL COMMENT '父节点',
    `TYPE`             INT(11)                                                       NULL DEFAULT NULL COMMENT '0-目录，1-按钮组，2-按钮',
    `NAME`             VARCHAR(50) CHARACTER SET UTF8MB4 COLLATE UTF8MB4_GENERAL_CI  NULL DEFAULT NULL COMMENT '名称',
    `BH`               VARCHAR(200) CHARACTER SET UTF8MB4 COLLATE UTF8MB4_GENERAL_CI NULL DEFAULT NULL COMMENT 'BH',
    `PATH`             VARCHAR(255) CHARACTER SET UTF8MB4 COLLATE UTF8MB4_GENERAL_CI NULL DEFAULT NULL COMMENT '路径',
    `DISPLAY_TYPE`     INT(255)                                                      NULL DEFAULT NULL COMMENT '展示方式。0 开关，1 下拉选择（单选），2 自定义跨组，3 技能组列表（多选）',
    `DATA`             VARCHAR(255) CHARACTER SET UTF8MB4 COLLATE UTF8MB4_GENERAL_CI NULL DEFAULT NULL COMMENT 'DISPLAYTYPE=0或者2时，值为NULL；DISPLAYTYPE=1时，展示方式为下拉列表， DATA为下拉列表的数据，以KV表示',
    `DESCRIPTION`      VARCHAR(500) CHARACTER SET UTF8MB4 COLLATE UTF8MB4_GENERAL_CI NULL DEFAULT NULL COMMENT '描述',
    `CREATE_USER`      VARCHAR(32) CHARACTER SET UTF8MB4 COLLATE UTF8MB4_GENERAL_CI  NULL DEFAULT NULL COMMENT '创建人',
    `CREATE_USER_NAME` VARCHAR(50) CHARACTER SET UTF8MB4 COLLATE UTF8MB4_GENERAL_CI  NULL DEFAULT NULL COMMENT '创建人中文名',
    `CREATE_DATE`      DATETIME(0)                                                   NULL DEFAULT NULL COMMENT '创建时间',
    `MODIFY_USER`      VARCHAR(32) CHARACTER SET UTF8MB4 COLLATE UTF8MB4_GENERAL_CI  NULL DEFAULT NULL COMMENT '修改人',
    `MODIFY_USER_NAME` VARCHAR(50) CHARACTER SET UTF8MB4 COLLATE UTF8MB4_GENERAL_CI  NULL DEFAULT NULL COMMENT '修改时间',
    `DEL_FLAG`         TINYINT(4)                                                    NULL DEFAULT 0 COMMENT '删除标识：0-正常；1-逻辑删除',
    PRIMARY KEY (`ID`) USING BTREE
) ENGINE = INNODB
  CHARACTER SET = UTF8MB4
  COLLATE = UTF8MB4_GENERAL_CI
  ROW_FORMAT = DYNAMIC;

-- ----------------------------
-- RECORDS OF CRM_MENU
-- ----------------------------
INSERT INTO `CRM_MENU` VALUES ('020970e746124feb852b6b58fd0fbee6', 'a63069b31756419881b4adc1f9bf4a17', 0, '客户查询', '1000.1001.1001', '/crm/client_mgr#findByPage', 1, '[{"name":"仅可查看自己","value":"SELF"},{"name":"可查看所在坐席组","value":"GROUP"},{"name":"可查看所有","value":"ALL"}]', NULL, NULL, NULL, NULL, NULL, NULL, 0);
INSERT INTO `CRM_MENU` VALUES ('051306bd09ba4023abdbffa73e7d7e27', '3d68edf13fbd4df7a9662344f444f0ed', 0, '客户保存规则', '1000.1003.1004', '/crm/client_savingrules', 0, NULL, NULL, NULL, NULL, NULL, NULL, NULL, 1);
INSERT INTO `CRM_MENU` VALUES ('0fc2fc79def44ce695c95280bc07b7a9', 'a63069b31756419881b4adc1f9bf4a17', 2, '导入客户', '1000.1001.1003', '/crm/client_mgr/importGroup', 0, NULL, NULL, NULL, NULL, NULL, NULL, NULL, 0);
INSERT INTO `CRM_MENU` VALUES ('3d68edf13fbd4df7a9662344f444f0ed', '8ad30ad8050e441bbf53d05e5f10b613', 0, '设置管理', '1000.1003', '/crm/setting', 0, NULL, NULL, NULL, NULL, NULL, NULL, NULL, 0);
INSERT INTO `CRM_MENU` VALUES ('3ebbe99cf2164e068e17d9873ca169e9', 'ef5058693ccf400f9f9cdc8f29ec620c', 1, '导出客户', '1000.1001.1004.1001', '/crm/client_mgr#export', 0, NULL, NULL, NULL, NULL, NULL, NULL, NULL, 0);
INSERT INTO `CRM_MENU` VALUES ('576fe4b3cbc24989befca6042cbb7919', '3d68edf13fbd4df7a9662344f444f0ed', 0, '客户标签', '1000.1003.1002', '/crm/client_tag', 0, NULL, NULL, NULL, NULL, NULL, NULL, NULL, 0);
INSERT INTO `CRM_MENU` VALUES ('5c0cfbf9a8314a66a4fa8b9ea7c05e0c', '9fab0b45fd21482b9cad6a16226f4956', 0, '计划查询', '1000.1002.1001', '/crm/client_mgr', 1, '[{"name":"仅可查看自己","value":"SELF"},{"name":"可查看所在坐席组","value":"GROUP"},{"name":"可查看所有","value":"ALL"}]', NULL, NULL, NULL, NULL, NULL, NULL, 1);
INSERT INTO `CRM_MENU` VALUES ('7473bdc852d24832b47d6907c95d6565', '3d68edf13fbd4df7a9662344f444f0ed', 0, '客户信息', '1000.1003.1001', '/crm/client_info', 0, NULL, NULL, NULL, NULL, NULL, NULL, NULL, 0);
INSERT INTO `CRM_MENU` VALUES ('784a67de5cf84ae5971cb9829afbf771', '941a7b5324724c0487c902584c5e0875', 1, '删除客户', '1000.1001.1005.1001', '/crm/client_mgr#deleteBatch', 0, NULL, NULL, NULL, NULL, NULL, NULL, NULL, 0);
INSERT INTO `CRM_MENU` VALUES ('7c75079cd1b04a29adba43969fe7934c', 'a63069b31756419881b4adc1f9bf4a17', 2, '创建联系计划', '1000.1001.1002', '/crm/client_mgr/planGroup', 0, NULL, NULL, NULL, NULL, NULL, NULL, NULL, 1);
INSERT INTO `CRM_MENU` VALUES ('81629f692c57429d87339a90fe5d3414', '7c75079cd1b04a29adba43969fe7934c', 1, '创建联系计划', '1000.1001.1002.1001', '/crm/client_mgr#connPlan_save', 0, NULL, NULL, NULL, NULL, NULL, NULL, NULL, 1);
INSERT INTO `CRM_MENU` VALUES ('8ad30ad8050e441bbf53d05e5f10b613', NULL, 0, '客户', '1000', '/crm', 0, NULL, NULL, NULL, NULL, NULL, NULL, NULL, 0);
INSERT INTO `CRM_MENU` VALUES ('941a7b5324724c0487c902584c5e0875', 'a63069b31756419881b4adc1f9bf4a17', 2, '删除客户', '1000.1001.1005', '/crm/client_mgr/deleteGroup', 0, NULL, NULL, NULL, NULL, NULL, NULL, NULL, 0);
INSERT INTO `CRM_MENU` VALUES ('9fab0b45fd21482b9cad6a16226f4956', '8ad30ad8050e441bbf53d05e5f10b613', 0, '计划管理', '1000.1002', '/crm/plan_mgr', 0, NULL, NULL, NULL, NULL, NULL, NULL, NULL, 1);
INSERT INTO `CRM_MENU` VALUES ('a05540d1a24b474ea2a05059c99ac631', '0fc2fc79def44ce695c95280bc07b7a9', 1, '导入客户', '1000.1001.1003.1001', '/crm/client_mgr#import', 0, NULL, NULL, NULL, NULL, NULL, NULL, NULL, 0);
INSERT INTO `CRM_MENU` VALUES ('a44225743d2a476b9692f313c6a40f37', 'a63069b31756419881b4adc1f9bf4a17', 2, '修改客户', '1000.1001.1006', '/crm/client_mgr/editGroup', 0, NULL, NULL, NULL, NULL, NULL, NULL, NULL, 0);
INSERT INTO `CRM_MENU` VALUES ('a63069b31756419881b4adc1f9bf4a17', '8ad30ad8050e441bbf53d05e5f10b613', 0, '客户管理', '1000.1001', '/crm/client_mgr', 0, NULL, NULL, NULL, NULL, NULL, NULL, NULL, 0);
INSERT INTO `CRM_MENU` VALUES ('a94a75f22e7f4ef79f32d3b4bc60db71', 'a44225743d2a476b9692f313c6a40f37', 1, '修改客户', '1000.1001.1006.1001', '/crm/client_mgr#edit', 0, NULL, NULL, NULL, NULL, NULL, NULL, NULL, 0);
INSERT INTO `CRM_MENU` VALUES ('eedaf008f3d641bbac671e92124c0c4c', '3d68edf13fbd4df7a9662344f444f0ed', 0, '联系计划设置', '1000.1003.1005', '/crm/client_contactplan', 0, NULL, NULL, NULL, NULL, NULL, NULL, NULL, 1);
INSERT INTO `CRM_MENU` VALUES ('ef5058693ccf400f9f9cdc8f29ec620c', 'a63069b31756419881b4adc1f9bf4a17', 2, '导出客户', '1000.1001.1004', '/crm/client_mgr/exportGroup', 0, NULL, NULL, NULL, NULL, NULL, NULL, NULL, 0);
INSERT INTO `CRM_MENU` VALUES ('ff548d4ec71c45089567efa0e2a44470', '3d68edf13fbd4df7a9662344f444f0ed', 0, '黑名单客户', '1000.1003.1003', '/crm/client_blacklist', 0, NULL, NULL, NULL, NULL, NULL, NULL, NULL, 1);

-- ----------------------------
-- TABLE STRUCTURE FOR CRM_ROLE_MENU
-- ----------------------------
DROP TABLE IF EXISTS `CRM_ROLE_MENU`;
CREATE TABLE `CRM_ROLE_MENU`
(
    `ID`      VARCHAR(32) CHARACTER SET UTF8MB4 COLLATE UTF8MB4_GENERAL_CI  NOT NULL COMMENT 'ID',
    `MENU_ID` VARCHAR(32) CHARACTER SET UTF8MB4 COLLATE UTF8MB4_GENERAL_CI  NOT NULL COMMENT '权限ID',
    `ROLE_ID` VARCHAR(32) CHARACTER SET UTF8MB4 COLLATE UTF8MB4_GENERAL_CI  NOT NULL COMMENT '角色ID',
    `DETAIL`  VARCHAR(255) CHARACTER SET UTF8MB4 COLLATE UTF8MB4_GENERAL_CI NULL DEFAULT NULL COMMENT '权限详情',
    PRIMARY KEY (`ID`) USING BTREE
) ENGINE = INNODB
  CHARACTER SET = UTF8MB4
  COLLATE = UTF8MB4_GENERAL_CI
  ROW_FORMAT = DYNAMIC;

-- ----------------------------
-- TABLE STRUCTURE FOR ORDER_CUSTOMER
-- ----------------------------
DROP TABLE IF EXISTS `ORDER_CUSTOMER`;
CREATE TABLE `ORDER_CUSTOMER`  (
  `ID` VARCHAR(32) CHARACTER SET UTF8MB4 COLLATE UTF8MB4_GENERAL_CI NOT NULL,
  `ORDER_ID` VARCHAR(255) CHARACTER SET UTF8MB4 COLLATE UTF8MB4_GENERAL_CI NOT NULL COMMENT '工单号',
  `CUSTOMER_ID` VARCHAR(32) CHARACTER SET UTF8MB4 COLLATE UTF8MB4_GENERAL_CI NOT NULL COMMENT '工单关联用户ID',
  PRIMARY KEY (`ID`) USING BTREE
) ENGINE = INNODB CHARACTER SET = UTF8MB4 COLLATE = UTF8MB4_GENERAL_CI ROW_FORMAT = DYNAMIC;

-- ----------------------------
-- TABLE STRUCTURE FOR ORDER_LIST
-- ----------------------------
DROP TABLE IF EXISTS `ORDER_LIST`;
CREATE TABLE `ORDER_LIST`  (
  `ID` VARCHAR(32) CHARACTER SET UTF8MB4 COLLATE UTF8MB4_GENERAL_CI NOT NULL,
  `NAME` VARCHAR(255) CHARACTER SET UTF8MB4 COLLATE UTF8MB4_GENERAL_CI NOT NULL COMMENT '工单名称',
  `CREATOR` VARCHAR(255) CHARACTER SET UTF8MB4 COLLATE UTF8MB4_GENERAL_CI NOT NULL COMMENT '创建人',
  `STATUS` INT(1) NOT NULL DEFAULT 0 COMMENT '状态:0-未受理,1-受理中,2-已回复,3-已完成',
  `ASSIGNEE` VARCHAR(255) CHARACTER SET UTF8MB4 COLLATE UTF8MB4_GENERAL_CI NULL DEFAULT NULL COMMENT '工单被指派的人',
  `CUSTOMER_ID` VARCHAR(255) CHARACTER SET UTF8MB4 COLLATE UTF8MB4_GENERAL_CI NOT NULL COMMENT '工单关联用户',
  `TEMPLATE_ID` VARCHAR(32) CHARACTER SET UTF8MB4 COLLATE UTF8MB4_GENERAL_CI NULL DEFAULT NULL COMMENT '工单所用模板ID',
  `TEMPLATE_NAME` VARCHAR(255) CHARACTER SET UTF8MB4 COLLATE UTF8MB4_GENERAL_CI NULL DEFAULT NULL COMMENT '工单模板名称',
  `CREATE_TIME` DATETIME(0) NOT NULL COMMENT '创建时间',
  `UPDATE_TIME` DATETIME(0) NOT NULL COMMENT '状态更新时间',
  PRIMARY KEY (`ID`, `STATUS`) USING BTREE
) ENGINE = INNODB CHARACTER SET = UTF8MB4 COLLATE = UTF8MB4_GENERAL_CI ROW_FORMAT = DYNAMIC;

-- ----------------------------
-- TABLE STRUCTURE FOR ORDER_OPT_LOG
-- ----------------------------
DROP TABLE IF EXISTS `ORDER_OPT_LOG`;
CREATE TABLE `ORDER_OPT_LOG`  (
  `ID` VARCHAR(32) CHARACTER SET UTF8MB4 COLLATE UTF8MB4_GENERAL_CI NOT NULL,
  `ORDER_NO` VARCHAR(255) CHARACTER SET UTF8MB4 COLLATE UTF8MB4_GENERAL_CI NOT NULL COMMENT '工单号',
  `OPERATOR` VARCHAR(255) CHARACTER SET UTF8MB4 COLLATE UTF8MB4_GENERAL_CI NULL DEFAULT NULL COMMENT '操作人',
  `OPERATION` INT(1) NOT NULL COMMENT '操作类型',
  `SESSION_IDS` VARCHAR(255) CHARACTER SET UTF8MB4 COLLATE UTF8MB4_GENERAL_CI NOT NULL COMMENT '关联会话IDS',
  `OPERATION_TIME` DATETIME(0) NOT NULL COMMENT '工单操作时间',
  PRIMARY KEY (`ID`) USING BTREE
) ENGINE = INNODB CHARACTER SET = UTF8MB4 COLLATE = UTF8MB4_GENERAL_CI ROW_FORMAT = DYNAMIC;

-- ----------------------------
-- TABLE STRUCTURE FOR ORDER_PERMISSION
-- ----------------------------
DROP TABLE IF EXISTS `ORDER_PERMISSION`;
CREATE TABLE `ORDER_PERMISSION`  (
  `ID` VARCHAR(32) CHARACTER SET UTF8MB4 COLLATE UTF8MB4_GENERAL_CI NOT NULL,
  `PARENT_ID` VARCHAR(255) CHARACTER SET UTF8MB4 COLLATE UTF8MB4_GENERAL_CI NULL DEFAULT NULL,
  `PATH` VARCHAR(255) CHARACTER SET UTF8MB4 COLLATE UTF8MB4_GENERAL_CI NULL DEFAULT NULL,
  `NAME` VARCHAR(255) CHARACTER SET UTF8MB4 COLLATE UTF8MB4_GENERAL_CI NOT NULL,
  `RESOURCE_NAME` VARCHAR(255) CHARACTER SET UTF8MB4 COLLATE UTF8MB4_GENERAL_CI NULL DEFAULT NULL,
  `DESCRIPTION` VARCHAR(255) CHARACTER SET UTF8MB4 COLLATE UTF8MB4_GENERAL_CI NULL DEFAULT NULL,
  `DISPLAY_TYPE` INT(255) NULL DEFAULT NULL,
  `DATA` VARCHAR(255) CHARACTER SET UTF8MB4 COLLATE UTF8MB4_GENERAL_CI NULL DEFAULT NULL,
  `VALUE` VARCHAR(255) CHARACTER SET UTF8MB4 COLLATE UTF8MB4_GENERAL_CI NULL DEFAULT NULL,
  PRIMARY KEY (`ID`) USING BTREE
) ENGINE = INNODB CHARACTER SET = UTF8MB4 COLLATE = UTF8MB4_GENERAL_CI COMMENT = '此数据为工单权限管理元数据,初始化时不能有任何改动(包括主键ID)' ROW_FORMAT = DYNAMIC;

-- ----------------------------
-- RECORDS OF ORDER_PERMISSION
-- ----------------------------
INSERT INTO `ORDER_PERMISSION` VALUES ('1', NULL, '/workorder', 'order', '我的工单', NULL, 0, NULL, 'false');
INSERT INTO `ORDER_PERMISSION` VALUES ('10', '1', '/workorder', 'wb', '坐席工作台', '坐席工作台选项', 0, NULL, 'false');
INSERT INTO `ORDER_PERMISSION` VALUES ('11', '1', '/order', 'bp', '企业管理台', '企业管理台选项', 0, NULL, 'false');
INSERT INTO `ORDER_PERMISSION` VALUES ('20', '10', '/assignOrderRange', 'assign_order_range', '工单指派范围', '工单指派角色范围', 2, '[{"name":"所有技能组","value":"ALL"},{"name":"自定义技能组","value":"zdykz"}]', '');
INSERT INTO `ORDER_PERMISSION` VALUES ('21', '10', '/assignOrder', 'assign_order', '工单指派', '是否有指派权限', 0, NULL, 'false');
INSERT INTO `ORDER_PERMISSION` VALUES ('22', '10', '/createTemplate', 'create_template', '工单模板创建', '是否有权限创建模板', 0, NULL, 'false');
INSERT INTO `ORDER_PERMISSION` VALUES ('23', '10', '/auditTemplate', 'audit_template', '工单模板审核', '是否有权限审核模板', 0, NULL, 'false');
INSERT INTO `ORDER_PERMISSION` VALUES ('24', '10', '/deleteTemplate', 'delete_template', '工单模板删除', '是否有权限删除模板', 0, NULL, 'fasle');
INSERT INTO `ORDER_PERMISSION` VALUES ('25', '10', '/editTemplate', 'update_template', '工单模板修改', '是否有权限修改模板', 0, NULL, 'false');
INSERT INTO `ORDER_PERMISSION` VALUES ('26', '10', '/workorder/listTemplate', 'template', '工单模板', '是否显示工单模板菜单', 0, NULL, 'false');
INSERT INTO `ORDER_PERMISSION` VALUES ('27', '10', '/workorder/finished', 'finished', '已完成工单', '是否显示已完成工单菜单', 0, NULL, 'false');
INSERT INTO `ORDER_PERMISSION` VALUES ('28', '10', '/workorder/processing', 'processing', '受理中工单', '是否显示受理中工单菜单', 0, NULL, 'false');
INSERT INTO `ORDER_PERMISSION` VALUES ('29', '10', '/workorder/replied', 'replied', '已回复工单', '是否显示已回复工单菜单', 0, NULL, 'false');
INSERT INTO `ORDER_PERMISSION` VALUES ('30', '10', '/workorder/processed', 'processed', '未受理工单', '是否显示未受理工单菜单', 0, NULL, 'false');
INSERT INTO `ORDER_PERMISSION` VALUES ('50', '11', '/order/template', 'template', '工单模板', '是否显示工单模板菜单', 0, NULL, 'false');

-- ----------------------------
-- TABLE STRUCTURE FOR ORDER_PERMISSION_ROLE
-- ----------------------------
DROP TABLE IF EXISTS `ORDER_PERMISSION_ROLE`;
CREATE TABLE `ORDER_PERMISSION_ROLE`  (
  `ROLE_ID` VARCHAR(32) CHARACTER SET UTF8MB4 COLLATE UTF8MB4_GENERAL_CI NOT NULL COMMENT '角色ID',
  `PERMISSION_ID` VARCHAR(32) CHARACTER SET UTF8MB4 COLLATE UTF8MB4_GENERAL_CI NOT NULL COMMENT '权限ID',
  `VALUE` VARCHAR(255) CHARACTER SET UTF8MB4 COLLATE UTF8MB4_GENERAL_CI NULL DEFAULT NULL COMMENT '权限值',
  PRIMARY KEY (`ROLE_ID`, `PERMISSION_ID`) USING BTREE
) ENGINE = INNODB CHARACTER SET = UTF8MB4 COLLATE = UTF8MB4_GENERAL_CI ROW_FORMAT = DYNAMIC;

-- ----------------------------
-- TABLE STRUCTURE FOR ORDER_SESSION
-- ----------------------------
DROP TABLE IF EXISTS `ORDER_SESSION`;
CREATE TABLE `ORDER_SESSION`  (
  `ORDER_ID` VARCHAR(50) CHARACTER SET UTF8MB4 COLLATE UTF8MB4_GENERAL_CI NOT NULL COMMENT '工单ID',
  `SESSION_ID` VARCHAR(50) CHARACTER SET UTF8MB4 COLLATE UTF8MB4_GENERAL_CI NOT NULL COMMENT '会话ID',
  PRIMARY KEY (`ORDER_ID`,`SESSION_ID`) USING BTREE
) ENGINE = INNODB AUTO_INCREMENT = 1 CHARACTER SET = UTF8MB4 COLLATE = UTF8MB4_GENERAL_CI ROW_FORMAT = DYNAMIC;

-- ----------------------------
-- TABLE STRUCTURE FOR ORDER_TEMPLATE
-- ----------------------------
DROP TABLE IF EXISTS `ORDER_TEMPLATE`;
CREATE TABLE `ORDER_TEMPLATE`  (
  `ID` VARCHAR(255) CHARACTER SET UTF8MB4 COLLATE UTF8MB4_GENERAL_CI NOT NULL COMMENT '模板ID',
  `TEMPLATE_NAME` VARCHAR(255) CHARACTER SET UTF8MB4 COLLATE UTF8MB4_GENERAL_CI NOT NULL COMMENT '模板名称',
  `CREATOR` VARCHAR(255) CHARACTER SET UTF8MB4 COLLATE UTF8MB4_GENERAL_CI NOT NULL COMMENT '创建者',
  `TYPE` INT(2) NOT NULL COMMENT '模板类型',
  `STATUS` INT(2) NOT NULL COMMENT '模板状态:-1-新创建待审核;0-审核通过',
  `CREATE_TIME` DATETIME(0) NOT NULL ON UPDATE CURRENT_TIMESTAMP(0) COMMENT '创建时间',
  `UPDATE_TIME` DATETIME(0) NOT NULL COMMENT '更改时间',
  PRIMARY KEY (`ID`) USING BTREE,
  INDEX `STATUS`(`STATUS`) USING BTREE,
  INDEX `UPDATE_TIME`(`UPDATE_TIME`) USING BTREE
) ENGINE = INNODB CHARACTER SET = UTF8MB4 COLLATE = UTF8MB4_GENERAL_CI ROW_FORMAT = DYNAMIC;

-- ----------------------------
-- TABLE STRUCTURE FOR ORDER_TEMPLATE_FIELD
-- ----------------------------
DROP TABLE IF EXISTS `ORDER_TEMPLATE_FIELD`;
CREATE TABLE `ORDER_TEMPLATE_FIELD`  (
  `ID` VARCHAR(255) NOT NULL COMMENT '字段ID',
  `FIELD_ID` VARCHAR(255) NULL DEFAULT NULL COMMENT '字段ID',
  `FIELD_TAG` VARCHAR(255) NULL DEFAULT NULL COMMENT '字段标签',
  `FIELD_NAME` VARCHAR(255) NOT NULL COMMENT '字段名称',
  `FIELD_TYPE` VARCHAR(255) NOT NULL COMMENT '字段类型',
  `DISPLAY_ORDER` INT(2) NOT NULL COMMENT '显示顺序',
  `DEFAULT_VALUE` VARCHAR(255) NULL DEFAULT NULL COMMENT '默认值',
  `GROUP_ID` VARCHAR(255) NOT NULL COMMENT '字段组ID',
  PRIMARY KEY (`ID`) USING BTREE
) ENGINE = INNODB CHARACTER SET = UTF8MB4 COLLATE = UTF8MB4_GENERAL_CI ROW_FORMAT = DYNAMIC;

-- ----------------------------
-- TABLE STRUCTURE FOR ORDER_TEMPLATE_FIELD_GROUP
-- ----------------------------
DROP TABLE IF EXISTS `ORDER_TEMPLATE_FIELD_GROUP`;
CREATE TABLE `ORDER_TEMPLATE_FIELD_GROUP`  (
  `ID` VARCHAR(255) NOT NULL COMMENT '字段组ID',
  `GROUP_NAME` VARCHAR(255) NOT NULL COMMENT '字段组名称',
  `DISPLAY_ORDER` INT(2) NOT NULL COMMENT '显示顺序',
  `TEMPLATE_ID` VARCHAR(255) NOT NULL COMMENT '模板ID',
  PRIMARY KEY (`ID`) USING BTREE
) ENGINE = INNODB CHARACTER SET = UTF8MB4 COLLATE = UTF8MB4_GENERAL_CI ROW_FORMAT = DYNAMIC;

-- ----------------------------
-- TABLE STRUCTURE FOR ORDER_TEMPLATE_FIELD_VALUE
-- ----------------------------
DROP TABLE IF EXISTS `ORDER_TEMPLATE_FIELD_VALUE`;
CREATE TABLE `ORDER_TEMPLATE_FIELD_VALUE`  (
  `ID` VARCHAR(255) CHARACTER SET UTF8MB4 COLLATE UTF8MB4_GENERAL_CI NOT NULL COMMENT '字段值ID',
  `VALUE_ID` VARCHAR(255) CHARACTER SET UTF8MB4 COLLATE UTF8MB4_GENERAL_CI NOT NULL COMMENT '值ID',
  `VALUE` VARCHAR(255) CHARACTER SET UTF8MB4 COLLATE UTF8MB4_GENERAL_CI NULL DEFAULT NULL COMMENT '值',
  `FIELD_ID` VARCHAR(255) CHARACTER SET UTF8MB4 COLLATE UTF8MB4_GENERAL_CI NOT NULL COMMENT '所属字段ID',
  PRIMARY KEY (`ID`) USING BTREE
) ENGINE = INNODB CHARACTER SET = UTF8MB4 COLLATE = UTF8MB4_GENERAL_CI ROW_FORMAT = DYNAMIC;

-- ----------------------------
-- TABLE STRUCTURE FOR ORDER_VALUE
-- ----------------------------
DROP TABLE IF EXISTS `ORDER_VALUE`;
CREATE TABLE `ORDER_VALUE`  (
  `ID` VARCHAR(32) NOT NULL,
  `ORDER_ID` VARCHAR(255) NOT NULL COMMENT '工单号',
  `FIELD_ID` VARCHAR(32) NULL DEFAULT NULL COMMENT '工单属性ID',
  `FIELD_VALUE` VARCHAR(255) NULL DEFAULT NULL COMMENT '工单属性值',
  PRIMARY KEY (`ID`) USING BTREE
) ENGINE = INNODB CHARACTER SET = UTF8MB4 COLLATE = UTF8MB4_GENERAL_CI ROW_FORMAT = DYNAMIC;

-- ----------------------------
-- TABLE STRUCTURE FOR QC_ACTION
-- ----------------------------
DROP TABLE IF EXISTS `QC_ACTION`;
CREATE TABLE `QC_ACTION`  (
  `ID` VARCHAR(32) CHARACTER SET UTF8MB4 COLLATE UTF8MB4_GENERAL_CI NOT NULL COMMENT 'ID',
  `NAME` VARCHAR(32) CHARACTER SET UTF8MB4 COLLATE UTF8MB4_GENERAL_CI NULL DEFAULT NULL COMMENT '名称',
  `STATUS` INT(1) NULL DEFAULT NULL COMMENT '状态 0：关闭 1：打开',
  `CODE` VARCHAR(32) CHARACTER SET UTF8MB4 COLLATE UTF8MB4_GENERAL_CI NULL DEFAULT NULL COMMENT '代码',
  `UPDATED_BY` VARCHAR(32) CHARACTER SET UTF8MB4 COLLATE UTF8MB4_GENERAL_CI NULL DEFAULT NULL COMMENT '更新人',
  `UPDATED_TIME` TIMESTAMP NULL DEFAULT NULL COMMENT '更新时间',
  PRIMARY KEY (`ID`) USING BTREE
) ENGINE = INNODB CHARACTER SET = UTF8MB4 COLLATE = UTF8MB4_GENERAL_CI COMMENT = '质检行为 ' ROW_FORMAT = DYNAMIC;

-- ----------------------------
-- TABLE STRUCTURE FOR QC_ITEMS
-- ----------------------------
DROP TABLE IF EXISTS `QC_ITEMS`;
CREATE TABLE `QC_ITEMS`  (
  `ID` VARCHAR(32) CHARACTER SET UTF8MB4 COLLATE UTF8MB4_GENERAL_CI NOT NULL COMMENT 'ID',
  `NAME` VARCHAR(32) CHARACTER SET UTF8MB4 COLLATE UTF8MB4_GENERAL_CI NULL DEFAULT NULL COMMENT '名称',
  `PLAN_ID` VARCHAR(32) CHARACTER SET UTF8MB4 COLLATE UTF8MB4_GENERAL_CI NULL DEFAULT NULL COMMENT '方案ID',
  `CLASSIFY` INT(1) NULL DEFAULT NULL COMMENT '项目分类 1：扣分项 2：加分项 3：致命项',
  `REMARK` VARCHAR(512) CHARACTER SET UTF8MB4 COLLATE UTF8MB4_GENERAL_CI NULL DEFAULT NULL COMMENT '说明',
  `MODEL_ID` VARCHAR(32) CHARACTER SET UTF8MB4 COLLATE UTF8MB4_GENERAL_CI NULL DEFAULT NULL COMMENT '模型ID',
  `SCORE` INT(11) NULL DEFAULT NULL COMMENT '分值',
  `TYPE` INT(1) NULL DEFAULT NULL COMMENT '类型 1：正向 2：负向',
  `CREATED_BY` VARCHAR(32) CHARACTER SET UTF8MB4 COLLATE UTF8MB4_GENERAL_CI NULL DEFAULT NULL COMMENT '创建人',
  `CREATED_TIME` TIMESTAMP NULL DEFAULT NULL COMMENT '创建时间',
  `UPDATED_BY` VARCHAR(32) CHARACTER SET UTF8MB4 COLLATE UTF8MB4_GENERAL_CI NULL DEFAULT NULL COMMENT '更新人',
  `UPDATED_TIME` TIMESTAMP NULL DEFAULT NULL COMMENT '更新时间',
  PRIMARY KEY (`ID`) USING BTREE
) ENGINE = INNODB CHARACTER SET = UTF8MB4 COLLATE = UTF8MB4_GENERAL_CI COMMENT = '质检方案质检项 ' ROW_FORMAT = DYNAMIC;

-- ----------------------------
-- TABLE STRUCTURE FOR QC_LINK_NODE
-- ----------------------------
DROP TABLE IF EXISTS `QC_LINK_NODE`;
CREATE TABLE `QC_LINK_NODE`  (
  `ID` VARCHAR(32) CHARACTER SET UTF8MB4 COLLATE UTF8MB4_GENERAL_CI NOT NULL COMMENT 'ID',
  `NAME` VARCHAR(32) CHARACTER SET UTF8MB4 COLLATE UTF8MB4_GENERAL_CI NULL DEFAULT NULL COMMENT '节点名',
  `TYPE` INT(1) NULL DEFAULT NULL COMMENT '节点类型 1：选择 2：非选择 3：槽位',
  `PARENT_ID` VARCHAR(32) CHARACTER SET UTF8MB4 COLLATE UTF8MB4_GENERAL_CI NULL DEFAULT NULL COMMENT '父级节点ID',
  `LINK_ID` VARCHAR(32) CHARACTER SET UTF8MB4 COLLATE UTF8MB4_GENERAL_CI NULL DEFAULT NULL COMMENT '环节ID',
  `FLAG_NAV_LINK` INT(1) NULL DEFAULT NULL COMMENT '是否节点跳转 0：非跳转节点 1：跳转节点',
  `NAV_LINK_ID` VARCHAR(32) CHARACTER SET UTF8MB4 COLLATE UTF8MB4_GENERAL_CI NULL DEFAULT NULL COMMENT '节点跳转-环节ID',
  `FLAG_TRIGGER` INT(1) NULL DEFAULT NULL COMMENT '是否触发节点 0：非触发节点 1：触发节点',
  `WEIGHT` DECIMAL(4, 2) NULL DEFAULT NULL COMMENT '权重',
  `CREATED_BY` VARCHAR(128) CHARACTER SET UTF8MB4 COLLATE UTF8MB4_GENERAL_CI NULL DEFAULT NULL COMMENT '创建人ID',
  `CREATED_TIME` TIMESTAMP NULL DEFAULT NULL COMMENT '创建时间',
  `UPDATED_BY` VARCHAR(128) CHARACTER SET UTF8MB4 COLLATE UTF8MB4_GENERAL_CI NULL DEFAULT NULL COMMENT '更新人ID',
  `UPDATED_TIME` TIMESTAMP NULL DEFAULT NULL COMMENT '更新时间',
  PRIMARY KEY (`ID`) USING BTREE
) ENGINE = INNODB CHARACTER SET = UTF8MB4 COLLATE = UTF8MB4_GENERAL_CI COMMENT = '质检环节中的节点表 ' ROW_FORMAT = DYNAMIC;

-- ----------------------------
-- TABLE STRUCTURE FOR QC_MENU
-- ----------------------------
DROP TABLE IF EXISTS `QC_MENU`;
CREATE TABLE `QC_MENU`  (
  `ID` VARCHAR(32) CHARACTER SET UTF8MB4 COLLATE UTF8MB4_GENERAL_CI NOT NULL COMMENT '主键ID',
  `PARENT_ID` VARCHAR(32) CHARACTER SET UTF8MB4 COLLATE UTF8MB4_GENERAL_CI NULL DEFAULT NULL COMMENT '父节点ID',
  `MENU_NAME` VARCHAR(128) CHARACTER SET UTF8MB4 COLLATE UTF8MB4_GENERAL_CI NULL DEFAULT NULL COMMENT '权限名称',
  `PATH` VARCHAR(128) CHARACTER SET UTF8MB4 COLLATE UTF8MB4_GENERAL_CI NULL DEFAULT NULL COMMENT '请求路径',
  `BACK_PATH` VARCHAR(128) CHARACTER SET UTF8MB4 COLLATE UTF8MB4_GENERAL_CI NULL DEFAULT NULL COMMENT '后端路径',
  `TYPE` INT(11) NULL DEFAULT NULL COMMENT '权限类型',
  `ICON` VARCHAR(128) CHARACTER SET UTF8MB4 COLLATE UTF8MB4_GENERAL_CI NULL DEFAULT NULL COMMENT '图标',
  `BH` VARCHAR(1024) CHARACTER SET UTF8MB4 COLLATE UTF8MB4_GENERAL_CI NULL DEFAULT NULL COMMENT '节点路径',
  `DETAIL` VARCHAR(1024) CHARACTER SET UTF8MB4 COLLATE UTF8MB4_GENERAL_CI NULL DEFAULT NULL COMMENT '权限值定义',
  `DESCRIPTION` VARCHAR(1024) CHARACTER SET UTF8MB4 COLLATE UTF8MB4_GENERAL_CI NULL DEFAULT NULL COMMENT '权限描述',
  `APP` VARCHAR(32) CHARACTER SET UTF8MB4 COLLATE UTF8MB4_GENERAL_CI NULL DEFAULT NULL COMMENT '应用标识',
  `PRIORITY` INT(11) NULL DEFAULT NULL COMMENT '排序',
  `DISPLAY_TYPE` INT(11) NULL DEFAULT NULL COMMENT '展示方式',
  `IS_SHOW` INT(1) NULL DEFAULT NULL COMMENT '是否显示,0：FALSE，1：TRUE',
  `CREATOR` VARCHAR(32) CHARACTER SET UTF8MB4 COLLATE UTF8MB4_GENERAL_CI NULL DEFAULT NULL COMMENT '创建者',
  `CREATE_TIME` TIMESTAMP NULL DEFAULT NULL COMMENT '创建时间',
  `EDITOR` VARCHAR(32) CHARACTER SET UTF8MB4 COLLATE UTF8MB4_GENERAL_CI NULL DEFAULT NULL COMMENT '编辑人',
  `EDIT_TIME` TIMESTAMP NULL DEFAULT NULL COMMENT '更新时间',
  PRIMARY KEY (`ID`) USING BTREE
) ENGINE = INNODB CHARACTER SET = UTF8MB4 COLLATE = UTF8MB4_GENERAL_CI COMMENT = '用户权限' ROW_FORMAT = DYNAMIC;

-- ----------------------------
-- RECORDS OF QC_MENU
-- ----------------------------
INSERT INTO `QC_MENU` VALUES ('100000', NULL, '智能质检', '/qc', '/qc', 0, NULL, '1000', NULL, '开启后角色可访问智能质检', 'aicc_bp', NULL, 0, NULL, NULL, NULL, NULL, NULL);
INSERT INTO `QC_MENU` VALUES ('101000', '100000', '业务建模', '/qc/businessModeling', '/qc/model', 0, NULL, '1000.1000', NULL, '开启后角色可访问业务建模页面', 'aicc_bp', NULL, 0, NULL, NULL, NULL, NULL, NULL);
INSERT INTO `QC_MENU` VALUES ('101100', '101000', '生效技能组', 'effectGroup', 'effectGroup', 2, NULL, '1000.1000.1000L', '[{"name":"可查看所属技能组","value":"ckssjnz"},{"name":"可查看所有","value":"ALL"},{"name":"自定义跨组查看","value":"zdykz"}]', '开启后角色可浏览业务建模的技能组范围', 'aicc_bp', NULL, 2, NULL, NULL, NULL, NULL, NULL);
INSERT INTO `QC_MENU` VALUES ('101200', '101000', '模型类型', 'modelType', 'modelType', 1, NULL, '1000.1000.1001', NULL, '开启后角色可访问模型类型', 'aicc_bp', NULL, 0, NULL, NULL, NULL, NULL, NULL);
INSERT INTO `QC_MENU` VALUES ('101210', '101200', '行为模型', 'actionModel', 'actionModel', 1, NULL, '1000.1000.1001.1000L', NULL, '开启后角色可访问行为模型', 'aicc_bp', NULL, 0, NULL, NULL, NULL, NULL, NULL);
INSERT INTO `QC_MENU` VALUES ('101220', '101200', '语义模型', 'semanticModel', 'semanticModel', 1, NULL, '1000.1000.1001.1001L', NULL, '开启后角色可访问语义模型', 'aicc_bp', NULL, 0, NULL, NULL, NULL, NULL, NULL);
INSERT INTO `QC_MENU` VALUES ('101300', '101000', '新建模型', '/qc/newModel/newModel_menu', '/mgr/model/qcModel_post,/mgr/behavioralModel/bm/_post', 0, NULL, '1000.1000.1002', NULL, '开启后角色可访问新建模型页面', 'aicc_bp', NULL, 0, NULL, NULL, NULL, NULL, NULL);
INSERT INTO `QC_MENU` VALUES ('101310', '101300', '发布', 'release_add', 'release_add', 1, NULL, '1000.1000.1002.1000L', NULL, '开启后角色可新建模型并发布', 'aicc_bp', NULL, 0, 0, NULL, NULL, NULL, NULL);
INSERT INTO `QC_MENU` VALUES ('101400', '101000', '模型管理', '/qc/businessModeling/modelManagement', '/mgr/model/qcModel_get,/mgr/behavioralModel/bm/_get', 0, NULL, '1000.1000.1003', NULL, '开启后角色可访问模型管理页面', 'aicc_bp', NULL, 0, NULL, NULL, NULL, NULL, NULL);
INSERT INTO `QC_MENU` VALUES ('101410', '101400', '上线/下线', '', '/mgr/model/qcModels_put', 1, NULL, '1000.1000.1003.1000L', NULL, '开启后角色可操作模型上线和下线', 'aicc_bp', NULL, 0, NULL, NULL, NULL, NULL, NULL);
INSERT INTO `QC_MENU` VALUES ('101420', '101400', '删除', '', '/mgr/model/qcModel_delete', 1, NULL, '1000.1000.1003.1001L', NULL, '开启后角色可删除模型', 'aicc_bp', NULL, 0, NULL, NULL, NULL, NULL, NULL);
INSERT INTO `QC_MENU` VALUES ('101430', '101400', '编辑', '', '/mgr/model/qcModel_put,/mgr/behavioralModel/bm/_put', 1, NULL, '1000.1000.1003.1002', NULL, '开启后角色可编辑模型', 'aicc_bp', NULL, 0, NULL, NULL, NULL, NULL, NULL);
INSERT INTO `QC_MENU` VALUES ('101431', '101430', '编辑生效技能组', 'editEffectGroup', 'editEffectGroup', 1, NULL, '1000.1000.1003.1002.1000L', NULL, '开启后角色编辑模型可修改模型生效技能组', 'aicc_bp', NULL, 0, NULL, NULL, NULL, NULL, NULL);
INSERT INTO `QC_MENU` VALUES ('101432', '101430', '发布', 'release_edit', 'release_edit', 1, NULL, '1000.1000.1003.1002.1001L', NULL, '开启后角色编辑模型并可以发布', 'aicc_bp', NULL, 0, NULL, NULL, NULL, NULL, NULL);
INSERT INTO `QC_MENU` VALUES ('102000', '100000', '业务管理', '/qc/serviceManage', 'businessManagement', 0, NULL, '1000.1001', NULL, '开启后角色可访问业务管理页面', 'aicc_bp', NULL, 0, NULL, NULL, NULL, NULL, NULL);
INSERT INTO `QC_MENU` VALUES ('102100', '102000', '语义管理', '/qc/serviceManage/semanticManagement', '/mgr/wordClass/semanticManagement_get', 0, NULL, '1000.1001.1000', NULL, '开启后角色可访问语义管理页面', 'aicc_bp', NULL, 0, NULL, NULL, NULL, NULL, NULL);
INSERT INTO `QC_MENU` VALUES ('102110', '102100', '关键词目录', 'keywordCatalog', 'keywordCatalog', 0, NULL, '1000.1001.1000.1000', NULL, '开启后角色可访问关键词目录', 'aicc_bp', NULL, 0, NULL, NULL, NULL, NULL, NULL);
INSERT INTO `QC_MENU` VALUES ('102111', '102110', '添加顶级节点', '', '/mgr/wordClass/semanticManagement_post', 1, NULL, '1000.1001.1000.1000.1000L', '', '', 'aicc_bp', NULL, 0, NULL, NULL, NULL, NULL, NULL);
INSERT INTO `QC_MENU` VALUES ('102112', '102110', '添加子级节点', '', '/mgr/wordClass/semanticManagement_post', 1, NULL, '1000.1001.1000.1000.1001L', NULL, '', 'aicc_bp', NULL, 0, NULL, NULL, NULL, NULL, NULL);
INSERT INTO `QC_MENU` VALUES ('102113', '102110', '编辑节点', '', '/mgr/wordClass/semanticManagement_put', 1, NULL, '1000.1001.1000.1000.1002L', '', '', 'aicc_bp', NULL, 0, NULL, NULL, NULL, NULL, NULL);
INSERT INTO `QC_MENU` VALUES ('102114', '102110', '删除节点', '', '/mgr/wordClass/semanticManagement_delete', 1, NULL, '1000.1001.1000.1000.1003L', NULL, '', 'aicc_bp', NULL, 0, NULL, NULL, NULL, NULL, NULL);
INSERT INTO `QC_MENU` VALUES ('102120', '102100', '关键词列表', '', '/mgr/wordClass/keyWord_get', 0, NULL, '1000.1001.1000.1001', NULL, '开启后角色可访问关键词列表', 'aicc_bp', NULL, 0, NULL, NULL, NULL, NULL, NULL);
INSERT INTO `QC_MENU` VALUES ('102121', '102120', '新增关键词', '', '/mgr/wordClass/keyWord_post', 1, NULL, '1000.1001.1000.1001.1000L', NULL, '', 'aicc_bp', NULL, 0, NULL, NULL, NULL, NULL, NULL);
INSERT INTO `QC_MENU` VALUES ('102122', '102120', '删除关键词', '', '/mgr/wordClass/batchKeyWord_delete', 1, NULL, '1000.1001.1000.1001.1001L', NULL, '', 'aicc_bp', NULL, 0, NULL, NULL, NULL, NULL, NULL);
INSERT INTO `QC_MENU` VALUES ('102123', '102120', '下载模板', '', '/mgr/wordClass/downloadTemplate_get', 1, NULL, '1000.1001.1000.1001.1002L', '', '', 'aicc_bp', NULL, 0, NULL, NULL, NULL, NULL, NULL);
INSERT INTO `QC_MENU` VALUES ('102124', '102120', '导入', '', '/mgr/wordClass/importKeyWords_post', 1, NULL, '1000.1001.1000.1001.1003L', NULL, NULL, 'aicc_bp', NULL, 0, NULL, NULL, NULL, NULL, NULL);
INSERT INTO `QC_MENU` VALUES ('102125', '102120', '导出', '', '/mgr/wordClass/exportKeyWords_get', 1, NULL, '1000.1001.1000.1001.1004L', NULL, NULL, 'aicc_bp', NULL, 0, NULL, NULL, NULL, NULL, NULL);
INSERT INTO `QC_MENU` VALUES ('102130', '102100', '关键词', 'keyword', 'keyword', 0, NULL, '1000.1001.1000.1002', NULL, '开启后角色可访问关键词', 'aicc_bp', NULL, 0, NULL, NULL, NULL, NULL, NULL);
INSERT INTO `QC_MENU` VALUES ('102131', '102130', '编辑', '', '/mgr/wordClass/keyWord_put', 1, NULL, '1000.1001.1000.1002.1000L', NULL, NULL, 'aicc_bp', NULL, 0, NULL, NULL, NULL, NULL, NULL);
INSERT INTO `QC_MENU` VALUES ('102132', '102130', '删除', '', '/mgr/wordClass/keyWord_delete', 1, NULL, '1000.1001.1000.1002.1001L', NULL, NULL, 'aicc_bp', NULL, 0, NULL, NULL, NULL, NULL, NULL);
INSERT INTO `QC_MENU` VALUES ('102133', '102130', '移动', '', '/mgr/wordClass/moveKeyWord_put', 1, NULL, '1000.1001.1000.1002.1002L', NULL, NULL, 'aicc_bp', NULL, 0, NULL, NULL, NULL, NULL, NULL);
INSERT INTO `QC_MENU` VALUES ('102200', '102000', '行为设置', '/qc/serviceManage/behaviorSettings', '/mgr/setting/behaviorSettings_get', 0, NULL, '1000.1001.1001', '', '开启后角色可访问行为设置页面', 'aicc_bp', NULL, 0, NULL, NULL, NULL, NULL, NULL);
INSERT INTO `QC_MENU` VALUES ('102210', '102200', '编辑', '', '/mgr/setting/behaviorSettings_put', 1, NULL, '1000.1001.1001.1000L', NULL, '开启后角色可编辑行为设置', 'aicc_bp', NULL, 0, NULL, NULL, NULL, NULL, NULL);
INSERT INTO `QC_MENU` VALUES ('103000', '100000', '分析报表', '/qc/analysisReport', 'analysisReport', 0, NULL, '1000.1002', NULL, '开启后角色可访问分析报表页面', 'aicc_bp', NULL, 0, NULL, NULL, NULL, NULL, NULL);
INSERT INTO `QC_MENU` VALUES ('103100', '103000', '实时质检报表', '/qc/analysisReport/qcRealTimeReport', '/mgr/realTimeReport/qcLog_get', 0, NULL, '1000.1002.1000', '', '开启后角色可查看实时质检报表', 'aicc_bp', NULL, 0, NULL, NULL, NULL, NULL, NULL);
INSERT INTO `QC_MENU` VALUES ('103110', '103100', '实时质检报表查看范围', 'qcRealTimeReportRange', 'qcRealTimeReportRange', 2, NULL, '1000.1002.1000.1000L', '[{"name":"仅可查看自己","value":"jkckzj"},{"name":"可查看所属技能组","value":"ckssjnz"},{"name":"可查看所有","value":"ALL"},{"name":"自定义跨组查看","value":"zdykz"}]', '设定角色可查询实时质检报表范围', 'aicc_bp', NULL, 2, NULL, NULL, NULL, NULL, NULL);

-- ----------------------------
-- TABLE STRUCTURE FOR QC_MODEL
-- ----------------------------
DROP TABLE IF EXISTS `QC_MODEL`;
CREATE TABLE `QC_MODEL`  (
  `ID` VARCHAR(32) CHARACTER SET UTF8MB4 COLLATE UTF8MB4_GENERAL_CI NOT NULL COMMENT 'ID',
  `QC_TYPE` INT(1) NULL DEFAULT NULL COMMENT '质检类型 0：默认，事后质检 1：实时质检',
  `TYPE` INT(1) NULL DEFAULT NULL COMMENT '模型类型 0：默认，语义模型 1：行为模型 2：高级模型',
  `GROUP_ID` VARCHAR(32) CHARACTER SET UTF8MB4 COLLATE UTF8MB4_GENERAL_CI NULL DEFAULT NULL COMMENT '模型组别',
  `NAME` VARCHAR(32) CHARACTER SET UTF8MB4 COLLATE UTF8MB4_GENERAL_CI NULL DEFAULT NULL COMMENT '名称',
  `REMARK` VARCHAR(128) CHARACTER SET UTF8MB4 COLLATE UTF8MB4_GENERAL_CI NULL DEFAULT NULL COMMENT '备注',
  `ATTR_ROLE` INT(1) NULL DEFAULT NULL COMMENT '模型属性-所属角色 0：默认-客户或者坐席 1：客户 2：坐席',
  `ATTR_POS` INT(1) NULL DEFAULT NULL COMMENT '模型属性-位置 0：默认，任意位置 1：会话初 2：会话末',
  `ATTR_POS_VALUE` INT(11) NULL DEFAULT NULL COMMENT '模型属性-位置值',
  `ATTR_ACTION_ID` VARCHAR(32) CHARACTER SET UTF8MB4 COLLATE UTF8MB4_GENERAL_CI NULL DEFAULT NULL COMMENT '模型属性-行为类别',
  `ATTR_ACTION_VALUE` VARCHAR(32) CHARACTER SET UTF8MB4 COLLATE UTF8MB4_GENERAL_CI NULL DEFAULT NULL COMMENT '模型属性-行为类别值',
  `SKILL_GROUP_ID` VARCHAR(32) CHARACTER SET UTF8MB4 COLLATE UTF8MB4_GENERAL_CI NULL DEFAULT NULL COMMENT '生效客服组',
  `FLAG_PUBLISH` INT(1) NULL DEFAULT NULL COMMENT '是否发布 0：默认，未发布 1：发布',
  `CREATED_BY` VARCHAR(32) CHARACTER SET UTF8MB4 COLLATE UTF8MB4_GENERAL_CI NULL DEFAULT NULL COMMENT '创建人',
  `CREATED_TIME` TIMESTAMP NULL DEFAULT NULL COMMENT '创建时间',
  `UPDATED_BY` VARCHAR(32) CHARACTER SET UTF8MB4 COLLATE UTF8MB4_GENERAL_CI NULL DEFAULT NULL COMMENT '更新人',
  `UPDATED_TIME` TIMESTAMP NULL DEFAULT NULL COMMENT '更新时间',
  PRIMARY KEY (`ID`) USING BTREE
) ENGINE = INNODB CHARACTER SET = UTF8MB4 COLLATE = UTF8MB4_GENERAL_CI COMMENT = '质检模型表 ' ROW_FORMAT = DYNAMIC;

-- ----------------------------
-- TABLE STRUCTURE FOR QC_MODEL_GROUP
-- ----------------------------
DROP TABLE IF EXISTS `QC_MODEL_GROUP`;
CREATE TABLE `QC_MODEL_GROUP`  (
  `ID` VARCHAR(32) CHARACTER SET UTF8MB4 COLLATE UTF8MB4_GENERAL_CI NOT NULL COMMENT 'ID',
  `NAME` VARCHAR(32) CHARACTER SET UTF8MB4 COLLATE UTF8MB4_GENERAL_CI NULL DEFAULT NULL COMMENT '组名',
  `PARENT_ID` VARCHAR(32) CHARACTER SET UTF8MB4 COLLATE UTF8MB4_GENERAL_CI NULL DEFAULT NULL COMMENT '父级组ID',
  `BH` VARCHAR(128) CHARACTER SET UTF8MB4 COLLATE UTF8MB4_GENERAL_CI NULL DEFAULT NULL COMMENT '编号 末级节点BH以L结尾标识',
  `CREATED_BY` VARCHAR(128) CHARACTER SET UTF8MB4 COLLATE UTF8MB4_GENERAL_CI NULL DEFAULT NULL COMMENT '创建人ID',
  `CREATED_TIME` TIMESTAMP NULL DEFAULT NULL COMMENT '创建时间',
  `UPDATED_BY` VARCHAR(128) CHARACTER SET UTF8MB4 COLLATE UTF8MB4_GENERAL_CI NULL DEFAULT NULL COMMENT '更新人ID',
  `UPDATED_TIME` TIMESTAMP NULL DEFAULT NULL COMMENT '更新时间',
  PRIMARY KEY (`ID`) USING BTREE
) ENGINE = INNODB CHARACTER SET = UTF8MB4 COLLATE = UTF8MB4_GENERAL_CI COMMENT = '质检模型组 ' ROW_FORMAT = DYNAMIC;

-- ----------------------------
-- TABLE STRUCTURE FOR QC_MODEL_LINK
-- ----------------------------
DROP TABLE IF EXISTS `QC_MODEL_LINK`;
CREATE TABLE `QC_MODEL_LINK`  (
  `ID` VARCHAR(32) CHARACTER SET UTF8MB4 COLLATE UTF8MB4_GENERAL_CI NOT NULL COMMENT 'ID',
  `NAME` VARCHAR(32) CHARACTER SET UTF8MB4 COLLATE UTF8MB4_GENERAL_CI NULL DEFAULT NULL COMMENT '环节名',
  `MODEL_ID` VARCHAR(32) CHARACTER SET UTF8MB4 COLLATE UTF8MB4_GENERAL_CI NULL DEFAULT NULL COMMENT '模型ID',
  `CREATED_BY` VARCHAR(32) CHARACTER SET UTF8MB4 COLLATE UTF8MB4_GENERAL_CI NULL DEFAULT NULL COMMENT '创建人',
  `CREATED_TIME` TIMESTAMP NULL DEFAULT NULL COMMENT '创建时间',
  `UPDATED_BY` VARCHAR(32) CHARACTER SET UTF8MB4 COLLATE UTF8MB4_GENERAL_CI NULL DEFAULT NULL COMMENT '更新人',
  `UPDATED_TIME` TIMESTAMP NULL DEFAULT NULL COMMENT '更新时间',
  PRIMARY KEY (`ID`) USING BTREE
) ENGINE = INNODB CHARACTER SET = UTF8MB4 COLLATE = UTF8MB4_GENERAL_CI COMMENT = '质检模型环节表 ' ROW_FORMAT = DYNAMIC;

-- ----------------------------
-- TABLE STRUCTURE FOR QC_MODEL_RULES
-- ----------------------------
DROP TABLE IF EXISTS `QC_MODEL_RULES`;
CREATE TABLE `QC_MODEL_RULES`  (
  `ID` VARCHAR(32) CHARACTER SET UTF8MB4 COLLATE UTF8MB4_GENERAL_CI NOT NULL COMMENT 'ID',
  `RULE` VARCHAR(3072) CHARACTER SET UTF8MB4 COLLATE UTF8MB4_GENERAL_CI NULL DEFAULT NULL COMMENT '内容',
  `MODEL_ID` VARCHAR(32) CHARACTER SET UTF8MB4 COLLATE UTF8MB4_GENERAL_CI NULL DEFAULT NULL COMMENT '模型ID',
  `CREATED_BY` VARCHAR(32) CHARACTER SET UTF8MB4 COLLATE UTF8MB4_GENERAL_CI NULL DEFAULT NULL COMMENT '创建人',
  `CREATED_TIME` TIMESTAMP NULL DEFAULT NULL COMMENT '创建时间',
  `UPDATED_BY` VARCHAR(32) CHARACTER SET UTF8MB4 COLLATE UTF8MB4_GENERAL_CI NULL DEFAULT NULL COMMENT '更新人',
  `UPDATED_TIME` TIMESTAMP NULL DEFAULT NULL COMMENT '更新时间',
  PRIMARY KEY (`ID`) USING BTREE
) ENGINE = INNODB CHARACTER SET = UTF8MB4 COLLATE = UTF8MB4_GENERAL_CI COMMENT = '质检模型规则表 ' ROW_FORMAT = DYNAMIC;

-- ----------------------------
-- TABLE STRUCTURE FOR QC_MODEL_SKILLGROUP_RELATION
-- ----------------------------
DROP TABLE IF EXISTS `QC_MODEL_SKILLGROUP_RELATION`;
CREATE TABLE `QC_MODEL_SKILLGROUP_RELATION`  (
  `ID` VARCHAR(32) CHARACTER SET UTF8MB4 COLLATE UTF8MB4_GENERAL_CI NOT NULL,
  `MODEL_ID` VARCHAR(32) CHARACTER SET UTF8MB4 COLLATE UTF8MB4_GENERAL_CI NULL DEFAULT NULL,
  `SKILL_GROUP_ID` VARCHAR(32) CHARACTER SET UTF8MB4 COLLATE UTF8MB4_GENERAL_CI NULL DEFAULT NULL,
  PRIMARY KEY (`ID`) USING BTREE
) ENGINE = INNODB CHARACTER SET = UTF8MB4 COLLATE = UTF8MB4_GENERAL_CI ROW_FORMAT = DYNAMIC;

-- ----------------------------
-- TABLE STRUCTURE FOR QC_NODE_MODEL_RELATION
-- ----------------------------
DROP TABLE IF EXISTS `QC_NODE_MODEL_RELATION`;
CREATE TABLE `QC_NODE_MODEL_RELATION`  (
  `ID` VARCHAR(32) CHARACTER SET UTF8MB4 COLLATE UTF8MB4_GENERAL_CI NOT NULL COMMENT 'ID',
  `NODE_ID` VARCHAR(32) CHARACTER SET UTF8MB4 COLLATE UTF8MB4_GENERAL_CI NULL DEFAULT NULL COMMENT '节点ID',
  `MODAL_ID` VARCHAR(32) CHARACTER SET UTF8MB4 COLLATE UTF8MB4_GENERAL_CI NULL DEFAULT NULL COMMENT '模型ID',
  `RELATION` INT(1) NULL DEFAULT NULL COMMENT '关系 0：AND（默认） 1：OR',
  `CREATED_BY` VARCHAR(32) CHARACTER SET UTF8MB4 COLLATE UTF8MB4_GENERAL_CI NULL DEFAULT NULL COMMENT '创建人',
  `CREATED_TIME` TIMESTAMP NULL DEFAULT NULL COMMENT '创建时间',
  `UPDATED_BY` VARCHAR(32) CHARACTER SET UTF8MB4 COLLATE UTF8MB4_GENERAL_CI NULL DEFAULT NULL COMMENT '更新人',
  `UPDATED_TIME` TIMESTAMP NULL DEFAULT NULL COMMENT '更新时间',
  PRIMARY KEY (`ID`) USING BTREE
) ENGINE = INNODB CHARACTER SET = UTF8MB4 COLLATE = UTF8MB4_GENERAL_CI COMMENT = '质检节点中引用的模型关系表 ' ROW_FORMAT = DYNAMIC;

-- ----------------------------
-- TABLE STRUCTURE FOR QC_PLAN
-- ----------------------------
DROP TABLE IF EXISTS `QC_PLAN`;
CREATE TABLE `QC_PLAN`  (
  `ID` VARCHAR(32) CHARACTER SET UTF8MB4 COLLATE UTF8MB4_GENERAL_CI NOT NULL COMMENT 'ID',
  `DESCRIB` VARCHAR(512) CHARACTER SET UTF8MB4 COLLATE UTF8MB4_GENERAL_CI NULL DEFAULT NULL COMMENT '描述',
  `NAME` VARCHAR(32) CHARACTER SET UTF8MB4 COLLATE UTF8MB4_GENERAL_CI NULL DEFAULT NULL COMMENT '名称',
  `DEDUCT_LIMIT` INT(11) NULL DEFAULT NULL COMMENT '扣分上限',
  `BONUS_LIMIT` INT(11) NULL DEFAULT NULL COMMENT '加分上限',
  `CREATED_BY` VARCHAR(32) CHARACTER SET UTF8MB4 COLLATE UTF8MB4_GENERAL_CI NULL DEFAULT NULL COMMENT '创建人',
  `CREATED_TIME` TIMESTAMP NULL DEFAULT NULL COMMENT '创建时间',
  `UPDATED_BY` VARCHAR(32) CHARACTER SET UTF8MB4 COLLATE UTF8MB4_GENERAL_CI NULL DEFAULT NULL COMMENT '更新人',
  `UPDATED_TIME` TIMESTAMP NULL DEFAULT NULL COMMENT '更新时间',
  PRIMARY KEY (`ID`) USING BTREE
) ENGINE = INNODB CHARACTER SET = UTF8MB4 COLLATE = UTF8MB4_GENERAL_CI COMMENT = '质检方案 ' ROW_FORMAT = DYNAMIC;

-- ----------------------------
-- TABLE STRUCTURE FOR QC_ROLE_MENU
-- ----------------------------
DROP TABLE IF EXISTS `QC_ROLE_MENU`;
CREATE TABLE `QC_ROLE_MENU`  (
  `ID` VARCHAR(32) CHARACTER SET UTF8MB4 COLLATE UTF8MB4_GENERAL_CI NOT NULL COMMENT '主键ID',
  `ROLE_ID` VARCHAR(32) CHARACTER SET UTF8MB4 COLLATE UTF8MB4_GENERAL_CI NULL DEFAULT NULL COMMENT '角色ID',
  `MENU_ID` VARCHAR(32) CHARACTER SET UTF8MB4 COLLATE UTF8MB4_GENERAL_CI NULL DEFAULT NULL COMMENT '权限ID',
  `DETAIL` VARCHAR(4000) CHARACTER SET UTF8MB4 COLLATE UTF8MB4_GENERAL_CI NULL DEFAULT NULL COMMENT '权限值',
  PRIMARY KEY (`ID`) USING BTREE
) ENGINE = INNODB CHARACTER SET = UTF8MB4 COLLATE = UTF8MB4_GENERAL_CI COMMENT = '角色权限关联' ROW_FORMAT = DYNAMIC;

-- ----------------------------
-- TABLE STRUCTURE FOR QC_SESSION_MODEL_MATCH
-- ----------------------------
DROP TABLE IF EXISTS `QC_SESSION_MODEL_MATCH`;
CREATE TABLE `QC_SESSION_MODEL_MATCH`  (
  `ID` VARCHAR(32) CHARACTER SET UTF8MB4 COLLATE UTF8MB4_GENERAL_CI NOT NULL COMMENT 'ID',
  `SESSION_ID` VARCHAR(32) CHARACTER SET UTF8MB4 COLLATE UTF8MB4_GENERAL_CI NULL DEFAULT NULL COMMENT '会话ID',
  `MODEL_ID` VARCHAR(32) CHARACTER SET UTF8MB4 COLLATE UTF8MB4_GENERAL_CI NULL DEFAULT NULL COMMENT '模型ID',
  `EX` VARCHAR(3072) CHARACTER SET UTF8MB4 COLLATE UTF8MB4_GENERAL_CI NULL DEFAULT NULL COMMENT '扩展字段',
  `EX1` VARCHAR(3072) CHARACTER SET UTF8MB4 COLLATE UTF8MB4_GENERAL_CI NULL DEFAULT NULL COMMENT '扩展字段',
  `ASK_ID` VARCHAR(32) CHARACTER SET UTF8MB4 COLLATE UTF8MB4_GENERAL_CI NULL DEFAULT NULL COMMENT '交互ID',
  `SENTENCE_NO` INT(11) NULL DEFAULT NULL COMMENT '句序号',
  PRIMARY KEY (`ID`) USING BTREE
) ENGINE = INNODB CHARACTER SET = UTF8MB4 COLLATE = UTF8MB4_GENERAL_CI COMMENT = '质检模型与会话匹配表 ' ROW_FORMAT = DYNAMIC;

-- ----------------------------
-- TABLE STRUCTURE FOR QC_TASK
-- ----------------------------
DROP TABLE IF EXISTS `QC_TASK`;
CREATE TABLE `QC_TASK`  (
  `ID` VARCHAR(32) CHARACTER SET UTF8MB4 COLLATE UTF8MB4_GENERAL_CI NOT NULL COMMENT 'ID',
  `NAME` VARCHAR(32) CHARACTER SET UTF8MB4 COLLATE UTF8MB4_GENERAL_CI NULL DEFAULT NULL COMMENT '任务名',
  `DESCRIB` VARCHAR(512) CHARACTER SET UTF8MB4 COLLATE UTF8MB4_GENERAL_CI NULL DEFAULT NULL COMMENT '描述',
  `RUN_RATE` VARCHAR(128) CHARACTER SET UTF8MB4 COLLATE UTF8MB4_GENERAL_CI NULL DEFAULT NULL COMMENT '执行频率',
  `RUN_TIME` VARCHAR(32) CHARACTER SET UTF8MB4 COLLATE UTF8MB4_GENERAL_CI NULL DEFAULT NULL COMMENT '执行时间',
  `PLAN_ID` VARCHAR(32) CHARACTER SET UTF8MB4 COLLATE UTF8MB4_GENERAL_CI NULL DEFAULT NULL COMMENT '执行方案',
  `STATUS` INT(1) NULL DEFAULT NULL COMMENT '状态',
  `SKILL_GROUP_ID` VARCHAR(32) CHARACTER SET UTF8MB4 COLLATE UTF8MB4_GENERAL_CI NULL DEFAULT NULL COMMENT '分配小组',
  `CREATED_BY` VARCHAR(32) CHARACTER SET UTF8MB4 COLLATE UTF8MB4_GENERAL_CI NULL DEFAULT NULL COMMENT '创建人',
  `CREATED_TIME` TIMESTAMP NULL DEFAULT NULL COMMENT '创建时间',
  `UPDATED_BY` VARCHAR(32) CHARACTER SET UTF8MB4 COLLATE UTF8MB4_GENERAL_CI NULL DEFAULT NULL COMMENT '更新人',
  `UPDATED_TIME` TIMESTAMP NULL DEFAULT NULL COMMENT '更新时间',
  PRIMARY KEY (`ID`) USING BTREE
) ENGINE = INNODB CHARACTER SET = UTF8MB4 COLLATE = UTF8MB4_GENERAL_CI COMMENT = '质检任务 ' ROW_FORMAT = DYNAMIC;

-- ----------------------------
-- TABLE STRUCTURE FOR QC_URL_LIST
-- ----------------------------
DROP TABLE IF EXISTS `QC_URL_LIST`;
CREATE TABLE `QC_URL_LIST`  (
  `ID` VARCHAR(32) CHARACTER SET UTF8MB4 COLLATE UTF8MB4_GENERAL_CI NOT NULL COMMENT 'ID',
  `URL` VARCHAR(128) CHARACTER SET UTF8MB4 COLLATE UTF8MB4_GENERAL_CI NULL DEFAULT NULL COMMENT '链接地址',
  `TYPE` INT(1) NULL DEFAULT NULL COMMENT '类型 0：黑名单 1：白名单',
  `MODEL_ID` VARCHAR(32) CHARACTER SET UTF8MB4 COLLATE UTF8MB4_GENERAL_CI NULL DEFAULT NULL COMMENT '模型ID',
  `CREATED_BY` VARCHAR(32) CHARACTER SET UTF8MB4 COLLATE UTF8MB4_GENERAL_CI NULL DEFAULT NULL COMMENT '创建人',
  `CREATED_TIME` TIMESTAMP NULL DEFAULT NULL COMMENT '创建时间',
  `UPDATED_BY` VARCHAR(32) CHARACTER SET UTF8MB4 COLLATE UTF8MB4_GENERAL_CI NULL DEFAULT NULL COMMENT '更新人',
  `UPDATED_TIME` TIMESTAMP NULL DEFAULT NULL COMMENT '更新时间',
  PRIMARY KEY (`ID`) USING BTREE
) ENGINE = INNODB CHARACTER SET = UTF8MB4 COLLATE = UTF8MB4_GENERAL_CI COMMENT = '质检URL黑白名单 ' ROW_FORMAT = DYNAMIC;

-- ----------------------------
-- TABLE STRUCTURE FOR QC_WORDCLASS
-- ----------------------------
DROP TABLE IF EXISTS `QC_WORDCLASS`;
CREATE TABLE `QC_WORDCLASS`  (
  `ID` VARCHAR(32) CHARACTER SET UTF8MB4 COLLATE UTF8MB4_GENERAL_CI NOT NULL COMMENT 'ID',
  `NAME` VARCHAR(32) CHARACTER SET UTF8MB4 COLLATE UTF8MB4_GENERAL_CI NULL DEFAULT NULL COMMENT '词类名',
  `WORDS` VARCHAR(3072) CHARACTER SET UTF8MB4 COLLATE UTF8MB4_GENERAL_CI NULL DEFAULT NULL COMMENT '词',
  `WORDCLASS_GROUP_ID` VARCHAR(32) CHARACTER SET UTF8MB4 COLLATE UTF8MB4_GENERAL_CI NULL DEFAULT NULL COMMENT '词类组ID',
  `CREATED_BY` VARCHAR(128) CHARACTER SET UTF8MB4 COLLATE UTF8MB4_GENERAL_CI NULL DEFAULT NULL COMMENT '创建人ID',
  `CREATED_TIME` TIMESTAMP NULL DEFAULT NULL COMMENT '创建时间',
  `UPDATED_BY` VARCHAR(128) CHARACTER SET UTF8MB4 COLLATE UTF8MB4_GENERAL_CI NULL DEFAULT NULL COMMENT '更新人ID',
  `UPDATED_TIME` TIMESTAMP NULL DEFAULT NULL COMMENT '更新时间',
  PRIMARY KEY (`ID`) USING BTREE
) ENGINE = INNODB CHARACTER SET = UTF8MB4 COLLATE = UTF8MB4_GENERAL_CI COMMENT = '质检词类 ' ROW_FORMAT = DYNAMIC;

-- ----------------------------
-- TABLE STRUCTURE FOR QC_WORDCLASS_GROUP
-- ----------------------------
DROP TABLE IF EXISTS `QC_WORDCLASS_GROUP`;
CREATE TABLE `QC_WORDCLASS_GROUP`  (
  `ID` VARCHAR(32) CHARACTER SET UTF8MB4 COLLATE UTF8MB4_GENERAL_CI NOT NULL COMMENT 'ID',
  `NAME` VARCHAR(32) CHARACTER SET UTF8MB4 COLLATE UTF8MB4_GENERAL_CI NULL DEFAULT NULL COMMENT '组名',
  `PARENT_ID` VARCHAR(32) CHARACTER SET UTF8MB4 COLLATE UTF8MB4_GENERAL_CI NULL DEFAULT NULL COMMENT '父级组ID',
  `BH` VARCHAR(128) CHARACTER SET UTF8MB4 COLLATE UTF8MB4_GENERAL_CI NULL DEFAULT NULL COMMENT '编号 末级节点BH以L结尾标识',
  `CREATED_BY` VARCHAR(128) CHARACTER SET UTF8MB4 COLLATE UTF8MB4_GENERAL_CI NULL DEFAULT NULL COMMENT '创建人ID',
  `CREATED_TIME` TIMESTAMP NULL DEFAULT NULL COMMENT '创建时间',
  `UPDATED_BY` VARCHAR(128) CHARACTER SET UTF8MB4 COLLATE UTF8MB4_GENERAL_CI NULL DEFAULT NULL COMMENT '更新人ID',
  `UPDATED_TIME` TIMESTAMP NULL DEFAULT NULL COMMENT '更新时间',
  PRIMARY KEY (`ID`) USING BTREE
) ENGINE = INNODB CHARACTER SET = UTF8MB4 COLLATE = UTF8MB4_GENERAL_CI COMMENT = '质检词类组 ' ROW_FORMAT = DYNAMIC;

-- ----------------------------
-- TABLE STRUCTURE FOR QUICK_REPLY
-- ----------------------------
DROP TABLE IF EXISTS `QUICK_REPLY`;
CREATE TABLE `QUICK_REPLY`  (
  `ID` VARCHAR(32) CHARACTER SET UTF8MB4 COLLATE UTF8MB4_GENERAL_CI NOT NULL,
  `USER_ID` VARCHAR(32) CHARACTER SET UTF8MB4 COLLATE UTF8MB4_GENERAL_CI NULL DEFAULT NULL COMMENT '坐席ID',
  `MESSAGE` VARCHAR(500) CHARACTER SET UTF8MB4 COLLATE UTF8MB4_GENERAL_CI NULL DEFAULT NULL COMMENT '回复语',
  `SKILL_GROUP_ID` VARCHAR(32) CHARACTER SET UTF8MB4 COLLATE UTF8MB4_GENERAL_CI NULL DEFAULT NULL COMMENT '技能组ID',
  `CREATE_TIME` TIMESTAMP NULL DEFAULT NULL COMMENT '创建时间',
  `CATEGORY` VARCHAR(10) CHARACTER SET UTF8MB4 COLLATE UTF8MB4_GENERAL_CI NULL DEFAULT NULL COMMENT '回复语分组',
  PRIMARY KEY (`ID`) USING BTREE
) ENGINE = INNODB CHARACTER SET = UTF8MB4 COLLATE = UTF8MB4_GENERAL_CI ROW_FORMAT = DYNAMIC;

-- ----------------------------
-- RECORDS OF QUICK_REPLY
-- ----------------------------

-- ----------------------------
-- TABLE STRUCTURE FOR SYS_ACD
-- ----------------------------
DROP TABLE IF EXISTS `SYS_ACD`;
CREATE TABLE `SYS_ACD`  (
  `ID` VARCHAR(32) CHARACTER SET UTF8MB4 COLLATE UTF8MB4_GENERAL_CI NOT NULL,
  `ACD_NAME` VARCHAR(50) CHARACTER SET UTF8MB4 COLLATE UTF8MB4_GENERAL_CI NULL DEFAULT NULL COMMENT '策略名称',
  `EXCLUDE_HOLIDAY` INT(255) NULL DEFAULT NULL COMMENT '是否排除法定假日，0：false，1：true',
  `EXTIME_SERVICE_TYPE` INT(11) NULL DEFAULT NULL COMMENT '非策略时间进线策略类型，0：机器人，1：用户留言',
  `EXTIME_SERVICE_WORDS` VARCHAR(500) CHARACTER SET UTF8MB4 COLLATE UTF8MB4_GENERAL_CI NULL DEFAULT NULL COMMENT '非策略时间进线话术',
  `ENABLE_BIZ` INT(255) NULL DEFAULT NULL COMMENT '是否开启业务分配，0：FALSE，1：TRUE',
  `BIZ_CHOOSE_ERR_TYPE` INT(255) NULL DEFAULT NULL COMMENT '业务选择错误策略类型，0：重新选择，1：随机分配',
  `BIZ_ERR_TIME_THRESHOLD` INT(11) NULL DEFAULT NULL COMMENT '错误次数阈值',
  `MULTI_SG_STRATEGY_ID` VARCHAR(32) CHARACTER SET UTF8MB4 COLLATE UTF8MB4_GENERAL_CI NULL DEFAULT NULL COMMENT '业务对应多技能组分配策略,对应common_dict_item的主键',
  `CREATOR` VARCHAR(32) CHARACTER SET UTF8MB4 COLLATE UTF8MB4_GENERAL_CI NULL DEFAULT NULL COMMENT '创建者',
  `EDITOR` VARCHAR(32) CHARACTER SET UTF8MB4 COLLATE UTF8MB4_GENERAL_CI NULL DEFAULT NULL COMMENT '编辑者',
  `CREATE_TIME` DATETIME(0) NULL DEFAULT NULL COMMENT '创建时间',
  `EDIT_TIME` DATETIME(0) NULL DEFAULT NULL COMMENT '编辑时间',
  PRIMARY KEY (`ID`) USING BTREE
) ENGINE = INNODB CHARACTER SET = UTF8MB4 COLLATE = UTF8MB4_GENERAL_CI ROW_FORMAT = DYNAMIC;

-- ----------------------------
-- RECORDS OF SYS_ACD
-- ----------------------------
INSERT INTO `SYS_ACD` VALUES ('061505e3d58000159671DEFALUTACD00', '默认策略', 0, 1, '您好，目前正处于坐席非工作时间，请您在工作时间再与我们联系。', 0, NULL, NULL, NULL, '27e55a01b74342189b000000000admin', '27e55a01b74342189b000000000admin', '2020-08-10 15:38:52', '2020-08-10 15:38:56');

-- ----------------------------
-- TABLE STRUCTURE FOR SYS_ACD_BIZ
-- ----------------------------
DROP TABLE IF EXISTS `SYS_ACD_BIZ`;
CREATE TABLE `SYS_ACD_BIZ`  (
  `ID` VARCHAR(32) CHARACTER SET UTF8MB4 COLLATE UTF8MB4_GENERAL_CI NOT NULL,
  `BIZ_NAME` VARCHAR(255) CHARACTER SET UTF8MB4 COLLATE UTF8MB4_GENERAL_CI NULL DEFAULT NULL COMMENT '业务名称',
  `ACD_ID` VARCHAR(32) CHARACTER SET UTF8MB4 COLLATE UTF8MB4_GENERAL_CI NULL DEFAULT NULL COMMENT '策略主键',
  `EXCLUDE_HOLIDAY` INT(255) NULL DEFAULT NULL COMMENT '是否排除法定假日，0：FALSE，1：TRUE',
  `EXTIME_SERVICE_TYPE` INT(11) NULL DEFAULT NULL COMMENT '非策略时间进线策略类型，0：机器人，1：用户留言',
  `EXTIME_SERVICE_WORDS` VARCHAR(500) CHARACTER SET UTF8MB4 COLLATE UTF8MB4_GENERAL_CI NULL DEFAULT NULL COMMENT '非策略时间进线话术',
  `DEFAULT_BIZ` INT(255) NULL DEFAULT NULL COMMENT '是否默认业务，0：FALSE，1：TRUE',
  PRIMARY KEY (`ID`) USING BTREE
) ENGINE = INNODB CHARACTER SET = UTF8MB4 COLLATE = UTF8MB4_GENERAL_CI ROW_FORMAT = DYNAMIC;

-- ----------------------------
-- RECORDS OF SYS_ACD_BIZ
-- ----------------------------
INSERT INTO `SYS_ACD_BIZ` VALUES ('061505e3d58000159671DEFALUTBIZ00', '默认业务', '061505e3d58000159671DEFALUTACD00', NULL, NULL, NULL, 1);

-- ----------------------------
-- TABLE STRUCTURE FOR SYS_ACD_BIZ_GROUP
-- ----------------------------
DROP TABLE IF EXISTS `SYS_ACD_BIZ_GROUP`;
CREATE TABLE `SYS_ACD_BIZ_GROUP`  (
  `ID` VARCHAR(32) CHARACTER SET UTF8MB4 COLLATE UTF8MB4_GENERAL_CI NOT NULL,
  `TYPE` INT(255) NULL DEFAULT NULL COMMENT '0：默认分组，1其他分组',
  `ACD_ID` VARCHAR(32) CHARACTER SET UTF8MB4 COLLATE UTF8MB4_GENERAL_CI NULL DEFAULT NULL,
  `GROUP_ORDER` INT(255) NULL DEFAULT NULL COMMENT '排序',
  PRIMARY KEY (`ID`) USING BTREE
) ENGINE = INNODB CHARACTER SET = UTF8MB4 COLLATE = UTF8MB4_GENERAL_CI ROW_FORMAT = DYNAMIC;

-- ----------------------------
-- RECORDS OF SYS_ACD_BIZ_GROUP
-- ----------------------------
INSERT INTO `SYS_ACD_BIZ_GROUP` VALUES ('061505e3d580001DEFALUTGROUPBIZ00', 0, '061505e3d58000159671DEFALUTACD00', 0);

-- ----------------------------
-- TABLE STRUCTURE FOR SYS_ACD_BIZ_QUEUE
-- ----------------------------
DROP TABLE IF EXISTS `SYS_ACD_BIZ_QUEUE`;
CREATE TABLE `SYS_ACD_BIZ_QUEUE`  (
  `ID` VARCHAR(32) CHARACTER SET UTF8MB4 COLLATE UTF8MB4_GENERAL_CI NOT NULL,
  `ACD_ID` VARCHAR(32) CHARACTER SET UTF8MB4 COLLATE UTF8MB4_GENERAL_CI NULL DEFAULT NULL COMMENT '策略主键',
  `BIZ_GROUP_ID` VARCHAR(32) CHARACTER SET UTF8MB4 COLLATE UTF8MB4_GENERAL_CI NULL DEFAULT NULL COMMENT '业务分组主键',
  `BIZ_ORDER` INT(255) NULL DEFAULT NULL COMMENT '顺序',
  `TYPE` INT(255) NULL DEFAULT NULL COMMENT '排队策略类型。0：通用类型，1自定义类型',
  `ENABLE_VIP_FIRST` INT(255) NULL DEFAULT NULL COMMENT 'VIP排队优先，0：false，1：true',
  `VIP_FIRST_TYPE` INT(255) NULL DEFAULT NULL COMMENT 'VIP优先方式，0：永远优先 1：间隔优先',
  `VIP_INTERVAL_NUM` INT(11) NULL DEFAULT NULL COMMENT '间隔优先时，每X个VIP接入一个普通用户',
  `REPORT_TIME_INTERVAL` INT(255) NULL DEFAULT NULL COMMENT '排队数量播报时间',
  `ENABLE_WAITTING_OVERFLOW` INT(255) NULL DEFAULT NULL COMMENT '等待时间溢出策略，0：false，1：true',
  `WAIT_TIME_THRESHOLD` INT(255) NULL DEFAULT NULL COMMENT '等待时间溢出阈值(单位：秒)',
  PRIMARY KEY (`ID`) USING BTREE
) ENGINE = INNODB CHARACTER SET = UTF8MB4 COLLATE = UTF8MB4_GENERAL_CI ROW_FORMAT = DYNAMIC;

-- ----------------------------
-- Records of SYS_ACD_BIZ_QUEUE
-- ----------------------------
INSERT INTO `SYS_ACD_BIZ_QUEUE` VALUES ('061505e3d58001DEFALUTBIZQUEUE000', '061505e3d58000159671DEFALUTACD00', '061505e3d580001DEFALUTGROUPBIZ00', 1, 0, 0, NULL, NULL, 60, 0, NULL);

-- ----------------------------
-- TABLE STRUCTURE FOR SYS_ACD_BIZ_X_GROUP
-- ----------------------------
DROP TABLE IF EXISTS `SYS_ACD_BIZ_X_GROUP`;
CREATE TABLE `SYS_ACD_BIZ_X_GROUP`  (
  `ID` VARCHAR(32) CHARACTER SET UTF8MB4 COLLATE UTF8MB4_GENERAL_CI NOT NULL,
  `GROUP_ID` VARCHAR(32) CHARACTER SET UTF8MB4 COLLATE UTF8MB4_GENERAL_CI NULL DEFAULT NULL COMMENT '业务分组主键',
  `BIZ_ID` VARCHAR(32) CHARACTER SET UTF8MB4 COLLATE UTF8MB4_GENERAL_CI NULL DEFAULT NULL COMMENT '业务主键',
  PRIMARY KEY (`ID`) USING BTREE
) ENGINE = INNODB CHARACTER SET = UTF8MB4 COLLATE = UTF8MB4_GENERAL_CI ROW_FORMAT = DYNAMIC;

-- ----------------------------
-- RECORDS OF SYS_ACD_BIZ_X_GROUP
-- ----------------------------
INSERT INTO `SYS_ACD_BIZ_X_GROUP` VALUES ('061505e3d58001DEFALUTGROUPXBIZ00', '061505e3d580001DEFALUTGROUPBIZ00', '061505e3d58000159671DEFALUTBIZ00');

-- ----------------------------
-- TABLE STRUCTURE FOR SYS_ACD_RESET_TIME
-- ----------------------------
DROP TABLE IF EXISTS `SYS_ACD_RESET_TIME`;
CREATE TABLE `SYS_ACD_RESET_TIME`  (
  `ID` VARCHAR(32) CHARACTER SET UTF8MB4 COLLATE UTF8MB4_GENERAL_CI NOT NULL,
  `ACD_ID` VARCHAR(32) CHARACTER SET UTF8MB4 COLLATE UTF8MB4_GENERAL_CI NULL DEFAULT NULL COMMENT '策略主键',
  `RESET_TIME` VARCHAR(30) CHARACTER SET UTF8MB4 COLLATE UTF8MB4_GENERAL_CI NULL DEFAULT NULL COMMENT '重置时间点（小时：分钟）',
  PRIMARY KEY (`ID`) USING BTREE
) ENGINE = INNODB CHARACTER SET = UTF8MB4 COLLATE = UTF8MB4_GENERAL_CI ROW_FORMAT = DYNAMIC;

-- ----------------------------
-- TABLE STRUCTURE FOR SYS_ACD_TIME
-- ----------------------------
DROP TABLE IF EXISTS `SYS_ACD_TIME`;
CREATE TABLE `SYS_ACD_TIME`  (
  `ID` VARCHAR(32) CHARACTER SET UTF8MB4 COLLATE UTF8MB4_GENERAL_CI NOT NULL,
  `FOREIGN_KEY` VARCHAR(32) CHARACTER SET UTF8MB4 COLLATE UTF8MB4_GENERAL_CI NULL DEFAULT NULL COMMENT '关联外键，根据TYPE区分',
  `TYPE` INT(255) NULL DEFAULT NULL COMMENT '0：策略，1业务',
  `WEEKDAY` INT(255) NULL DEFAULT NULL COMMENT '工作日',
  `START_TIME` VARCHAR(30) CHARACTER SET UTF8MB4 COLLATE UTF8MB4_GENERAL_CI NULL DEFAULT NULL COMMENT '开始时间',
  `END_TIME` VARCHAR(30) CHARACTER SET UTF8MB4 COLLATE UTF8MB4_GENERAL_CI NULL DEFAULT NULL COMMENT '结束时间',
  PRIMARY KEY (`ID`) USING BTREE
) ENGINE = INNODB CHARACTER SET = UTF8MB4 COLLATE = UTF8MB4_GENERAL_CI ROW_FORMAT = DYNAMIC;

-- ----------------------------
-- RECORDS OF SYS_ACD_TIME
-- ----------------------------
INSERT INTO `SYS_ACD_TIME` VALUES ('00159705446142400000061505e3d580', '061505e3d58000159671DEFALUTACD00', 0, 1, '00:00', '23:59');
INSERT INTO `SYS_ACD_TIME` VALUES ('00159705446142400001061505e3d580', '061505e3d58000159671DEFALUTACD00', 0, 2, '00:00', '23:59');
INSERT INTO `SYS_ACD_TIME` VALUES ('00159705446142400002061505e3d580', '061505e3d58000159671DEFALUTACD00', 0, 3, '00:00', '23:59');
INSERT INTO `SYS_ACD_TIME` VALUES ('00159705446142400003061505e3d580', '061505e3d58000159671DEFALUTACD00', 0, 4, '00:00', '23:59');
INSERT INTO `SYS_ACD_TIME` VALUES ('00159705446142400004061505e3d580', '061505e3d58000159671DEFALUTACD00', 0, 5, '00:00', '23:59');
INSERT INTO `SYS_ACD_TIME` VALUES ('00159705446142400005061505e3d580', '061505e3d58000159671DEFALUTACD00', 0, 6, '00:00', '23:59');
INSERT INTO `SYS_ACD_TIME` VALUES ('00159705446142500006061505e3d580', '061505e3d58000159671DEFALUTACD00', 0, 7, '00:00', '23:59');

-- ----------------------------
-- TABLE STRUCTURE FOR SYS_ACD_X_CHANNEL
-- ----------------------------
DROP TABLE IF EXISTS `SYS_ACD_X_CHANNEL`;
CREATE TABLE `SYS_ACD_X_CHANNEL`  (
  `ID` VARCHAR(32) CHARACTER SET UTF8MB4 COLLATE UTF8MB4_GENERAL_CI NOT NULL,
  `ACD_ID` VARCHAR(32) CHARACTER SET UTF8MB4 COLLATE UTF8MB4_GENERAL_CI NULL DEFAULT NULL COMMENT '策略主键',
  `CHANNEL_ID` VARCHAR(32) CHARACTER SET UTF8MB4 COLLATE UTF8MB4_GENERAL_CI NULL DEFAULT NULL COMMENT '渠道主键',
  PRIMARY KEY (`ID`) USING BTREE
) ENGINE = INNODB CHARACTER SET = UTF8MB4 COLLATE = UTF8MB4_GENERAL_CI ROW_FORMAT = DYNAMIC;

-- ----------------------------
-- TABLE STRUCTURE FOR SYS_ACD_X_SKILL_GROUP
-- ----------------------------
DROP TABLE IF EXISTS `SYS_ACD_X_SKILL_GROUP`;
CREATE TABLE `SYS_ACD_X_SKILL_GROUP`  (
  `ID` VARCHAR(32) CHARACTER SET UTF8MB4 COLLATE UTF8MB4_GENERAL_CI NOT NULL,
  `FOREIGN_KEY` VARCHAR(32) CHARACTER SET UTF8MB4 COLLATE UTF8MB4_GENERAL_CI NULL DEFAULT NULL COMMENT '外键',
  `TYPE` INT(255) NULL DEFAULT NULL COMMENT '0,ACD_BIZ表，1：ACD_BIZ_QUEUE表',
  `SKILL_GROUP_ID` VARCHAR(32) CHARACTER SET UTF8MB4 COLLATE UTF8MB4_GENERAL_CI NULL DEFAULT NULL COMMENT '技能组主键',
  PRIMARY KEY (`ID`) USING BTREE
) ENGINE = INNODB CHARACTER SET = UTF8MB4 COLLATE = UTF8MB4_GENERAL_CI ROW_FORMAT = DYNAMIC;

-- ----------------------------
-- RECORDS OF SYS_ACD_X_SKILL_GROUP
-- ----------------------------
INSERT INTO `SYS_ACD_X_SKILL_GROUP` VALUES ('001608901998574000630242fcb8ef01', '061505e3d58000159671DEFALUTBIZ00', 0, '0015870307129860015100155d4c6010');

-- ----------------------------
-- TABLE STRUCTURE FOR SYS_CUS_FIELD
-- ----------------------------
DROP TABLE IF EXISTS `SYS_CUS_FIELD`;
CREATE TABLE `SYS_CUS_FIELD`  (
  `ID` VARCHAR(32) CHARACTER SET UTF8MB4 COLLATE UTF8MB4_GENERAL_CI NOT NULL COMMENT '主键ID',
  `NAME` VARCHAR(32) CHARACTER SET UTF8MB4 COLLATE UTF8MB4_GENERAL_CI NULL DEFAULT NULL COMMENT '字段名称',
  `TAG` VARCHAR(32) CHARACTER SET UTF8MB4 COLLATE UTF8MB4_GENERAL_CI NULL DEFAULT NULL COMMENT '字段标识',
  `TAG_LEVEL` VARCHAR(32) CHARACTER SET UTF8MB4 COLLATE UTF8MB4_GENERAL_CI NULL DEFAULT NULL COMMENT '字段等级(系统默认default/系统预置preset/普通字段null)',
  `TYPE` VARCHAR(32) CHARACTER SET UTF8MB4 COLLATE UTF8MB4_GENERAL_CI NULL DEFAULT NULL COMMENT '字段类型 textfield单行文本/textarea多行文本/number数字/select下拉列表/radio单选菜单/multi_select复选或标签/datatimepicker时间选择器',
  `DESCRIPTION` VARCHAR(512) CHARACTER SET UTF8MB4 COLLATE UTF8MB4_GENERAL_CI NULL DEFAULT NULL COMMENT '字段描述',
  `CREATOR` VARCHAR(32) CHARACTER SET UTF8MB4 COLLATE UTF8MB4_GENERAL_CI NULL DEFAULT NULL COMMENT '创建人',
  `CATEGORY_CODE` VARCHAR(30) CHARACTER SET UTF8MB4 COLLATE UTF8MB4_GENERAL_CI NULL DEFAULT NULL COMMENT '字段分类(默认分类default/工单管理workorder/客户管理customer)',
  `CREATE_TIME` DATETIME(0) NULL DEFAULT NULL COMMENT '创建时间',
  `EDITOR` VARCHAR(32) CHARACTER SET UTF8MB4 COLLATE UTF8MB4_GENERAL_CI NULL DEFAULT NULL COMMENT '编辑人',
  `EDIT_TIME` DATETIME(0) NULL DEFAULT NULL COMMENT '编辑时间',
  PRIMARY KEY (`ID`) USING BTREE
) ENGINE = INNODB CHARACTER SET = UTF8MB4 COLLATE = UTF8MB4_GENERAL_CI COMMENT = '自定义字段' ROW_FORMAT = DYNAMIC;

-- ----------------------------
-- RECORDS OF SYS_CUS_FIELD
-- ----------------------------
INSERT INTO `SYS_CUS_FIELD` VALUES ('156ce873d1d34006931dc6668cd12abe', '工单备注', 'workorder_remark', 'default', 'textarea', '系统默认类型', '27e55a01b74342189b000000000admin', 'workorder', '2020-04-17 13:51:02', '27e55a01b74342189b000000000admin', '2020-04-17 13:51:02');
INSERT INTO `SYS_CUS_FIELD` VALUES ('1f5c3e23434343e2b39d92d04e2eb8f2', '工单归属', 'workorder_owner', 'default', 'textfield', '系统默认类型', '27e55a01b74342189b000000000admin', 'workorder', '2020-04-17 13:18:13', '27e55a01b74342189b000000000admin', '2020-04-17 13:18:13');
INSERT INTO `SYS_CUS_FIELD` VALUES ('23deb9732ca145dcaae8ab4d08b5742f', '来源终端', 'terminal', 'default', 'textfield', '系统默认类型', '27e55a01b74342189b000000000admin', 'customer', '2020-04-17 11:51:11', '27e55a01b74342189b000000000admin', '2020-04-17 11:51:11');
INSERT INTO `SYS_CUS_FIELD` VALUES ('2f47b055346a4f0a8637411e864ac837', '首次电话联系时间', 'first_call_time', 'default', 'datatimepicker', '系统默认类型', '27e55a01b74342189b000000000admin', 'customer', '2020-04-17 11:55:05', '27e55a01b74342189b000000000admin', '2020-04-17 11:55:05');
INSERT INTO `SYS_CUS_FIELD` VALUES ('3322ec8d65a64dc38e3fa5100fe6da9b', '地址', 'address', 'default', 'textarea', '系统默认类型', '27e55a01b74342189b000000000admin', 'customer', '2020-04-17 11:49:51', '27e55a01b74342189b000000000admin', '2020-04-17 11:49:51');
INSERT INTO `SYS_CUS_FIELD` VALUES ('37c223ab5d4d454fb82fff5982f24431', '动态用户名', '{{userId}}', 'default', 'textfield_dynamic', '系统默认类型', '27e55a01b74342189b000000000admin', 'workorder', '2020-04-18 16:17:36', '27e55a01b74342189b000000000admin', '2020-04-18 16:17:36');
INSERT INTO `SYS_CUS_FIELD` VALUES ('38dfd8b42680495c9488034fa0ef7552', '手机', 'mobile', 'default', 'textfield', '系统默认类型', '27e55a01b74342189b000000000admin', 'customer', '2020-04-17 11:35:05', '27e55a01b74342189b000000000admin', '2020-04-17 11:35:05');
INSERT INTO `SYS_CUS_FIELD` VALUES ('3b4526f278b147e8b261fe49bdf28407', '工单类型', 'workorder_type', 'default', 'select', '系统默认类型', '27e55a01b74342189b000000000admin', 'workorder', '2020-04-17 13:21:48', '27e55a01b74342189b000000000admin', '2020-04-17 13:21:48');
INSERT INTO `SYS_CUS_FIELD` VALUES ('3ccbbc5dd05649898f36777124c6a312', '邮箱', 'email', 'default', 'textfield', '系统默认类型', '27e55a01b74342189b000000000admin', 'customer', '2020-04-17 11:47:45', '27e55a01b74342189b000000000admin', '2020-04-17 11:47:45');
INSERT INTO `SYS_CUS_FIELD` VALUES ('576e177d32c7420ab721e2b1e6bf60d2', '业务类型', 'business_type', 'default', 'select', '系统默认类型', '27e55a01b74342189b000000000admin', 'customer', '2020-04-17 13:13:57', '27e55a01b74342189b000000000admin', '2020-04-17 13:13:57');
INSERT INTO `SYS_CUS_FIELD` VALUES ('65b23ece32ff4213b0c2c11a8a7873ed', '负责人', 'director', 'default', 'textfield', '系统默认类型', '27e55a01b74342189b000000000admin', 'public', '2020-04-17 11:53:07', '27e55a01b74342189b000000000admin', '2020-04-17 11:53:07');
INSERT INTO `SYS_CUS_FIELD` VALUES ('68ff5b3af4544cb5b3a41f880ab1c24c', '工单有效时间', 'workorder_valid_time', 'default', 'textfield', '系统默认类型', '27e55a01b74342189b000000000admin', 'workorder', '2020-04-17 17:39:14', '27e55a01b74342189b000000000admin', '2020-04-17 17:39:14');
INSERT INTO `SYS_CUS_FIELD` VALUES ('8c25679414ed48e8a4c3a4358a06d3b0', '客户等级', 'level', 'default', 'select', '系统默认类型', '27e55a01b74342189b000000000admin', 'customer', '2020-04-17 11:43:23', '27e55a01b74342189b000000000admin', '2020-05-09 09:16:14');
INSERT INTO `SYS_CUS_FIELD` VALUES ('93975c9d0521497399460d100a97da20', '工单责任人', 'workorder_director', 'default', 'select_dynamic', '系统默认类型', '27e55a01b74342189b000000000admin', 'workorder', '2020-04-17 13:19:04', '27e55a01b74342189b000000000admin', '2020-04-17 13:19:04');
INSERT INTO `SYS_CUS_FIELD` VALUES ('961709bb96ce42f585119e8c5823e0e7', '最后一次电话联系时间', 'last_call_time', 'default', 'datatimepicker', '系统默认类型', '27e55a01b74342189b000000000admin', 'customer', '2020-04-17 11:54:24', '27e55a01b74342189b000000000admin', '2020-04-17 11:54:24');
INSERT INTO `SYS_CUS_FIELD` VALUES ('a22ac17c27c945b78b4dd3f6e0707ab4', '工单创建人', 'workorder_creator', 'default', 'textfield', '系统默认类型', '27e55a01b74342189b000000000admin', 'workorder', '2020-04-17 13:19:52', '27e55a01b74342189b000000000admin', '2020-04-17 13:19:52');
INSERT INTO `SYS_CUS_FIELD` VALUES ('b82b0b99f0e44b579f01fe8956cc4990', '首次会话时间', 'first_session_time', 'default', 'datatimepicker', '系统默认类型', '27e55a01b74342189b000000000admin', 'customer', '2020-04-17 11:56:43', '27e55a01b74342189b000000000admin', '2020-04-17 11:56:43');
INSERT INTO `SYS_CUS_FIELD` VALUES ('cf8fa5a9cfb54cfc9e65cce2eef11825', '最后一次会话时间', 'last_session_time', 'default', 'datatimepicker', '系统默认类型', '27e55a01b74342189b000000000admin', 'customer', '2020-04-17 11:56:13', '27e55a01b74342189b000000000admin', '2020-04-17 11:56:13');
INSERT INTO `SYS_CUS_FIELD` VALUES ('d78e0379ae0d4c88857b9b6c5decb97d', '姓名', 'name', 'default', 'textfield', '系统默认类型', '27e55a01b74342189b000000000admin', 'customer', '2020-04-17 11:34:34', '27e55a01b74342189b000000000admin', '2020-04-17 11:34:34');
INSERT INTO `SYS_CUS_FIELD` VALUES ('e5cd4be53925446880b6f3d624bdf9b2', '访客备注', 'visitor_remark', 'default', 'textarea', '系统默认类型', '27e55a01b74342189b000000000admin', 'customer', '2020-04-17 11:49:03', '27e55a01b74342189b000000000admin', '2020-04-17 11:49:03');
INSERT INTO `SYS_CUS_FIELD` VALUES ('e722c640ec904909ba2ffbe7f092769c', '访客渠道', 'platform', 'default', 'select_dynamic', '系统默认类型', '27e55a01b74342189b000000000admin', 'customer', '2020-04-17 13:53:14', '27e55a01b74342189b000000000admin', '2020-04-17 13:53:14');
INSERT INTO `SYS_CUS_FIELD` VALUES ('e895e1275a4f4dd8a77a30bc2b02aa7a', '客户属性', 'customer_property', 'preset', 'multi_select', '系统预置类型', '27e55a01b74342189b000000000admin', 'customer', '2020-04-17 11:47:18', '27e55a01b74342189b000000000admin', '2020-05-07 17:58:25');
INSERT INTO `SYS_CUS_FIELD` VALUES ('f4a19e9cd6114b1282d7adc7f97706d0', '创建时间', 'create_time', 'default', 'datatimepicker', '系统默认类型', '27e55a01b74342189b000000000admin', 'public', '2020-04-17 11:57:32', '27e55a01b74342189b000000000admin', '2020-04-17 11:57:32');
INSERT INTO `SYS_CUS_FIELD` VALUES ('f509265f583e49ada43faf9942e8704b', '工单指派', 'workorder_assignee', 'default', 'select_dynamic', '系统默认类型', '27e55a01b74342189b000000000admin', 'workorder', '2020-04-17 13:21:47', '27e55a01b74342189b000000000admin', '2020-04-17 13:21:47');
INSERT INTO `SYS_CUS_FIELD` VALUES ('fe7e3973dc2d4fbe97b42ac69edbdfbc', '更新时间', 'update_time', 'default', 'datatimepicker', '系统默认类型', '27e55a01b74342189b000000000admin', 'public', '2020-04-17 11:57:10', '27e55a01b74342189b000000000admin', '2020-04-17 11:57:10');
INSERT INTO `SYS_CUS_FIELD` VALUES ('feac1563bb644ec8852b24a28e5177d1', '工单售后', 'workorder_after_sale', 'default', 'textfield', '系统默认类型', '27e55a01b74342189b000000000admin', 'workorder', '2020-05-13 11:57:10', '27e55a01b74342189b000000000admin', '2020-05-17 11:57:10');
INSERT INTO `SYS_CUS_FIELD` VALUES ('f6a18e9cd6114b1382d9dac7f98806c0', '会话标签', 'log_session_tag', 'preset', 'multi_select', '系统预置类型', '27e55a01b74342189b000000000admin', 'public', '2020-10-26 11:57:10', '27e55a01b74342189b000000000admin', '2020-10-26 11:57:10');

-- ----------------------------
-- TABLE STRUCTURE FOR SYS_CUS_FIELD_CATE
-- ----------------------------
DROP TABLE IF EXISTS `SYS_CUS_FIELD_CATE`;
CREATE TABLE `SYS_CUS_FIELD_CATE`  (
  `ID` VARCHAR(32) CHARACTER SET UTF8MB4 COLLATE UTF8MB4_GENERAL_CI NOT NULL COMMENT '主键',
  `PARENT_ID` VARCHAR(32) CHARACTER SET UTF8MB4 COLLATE UTF8MB4_GENERAL_CI NULL DEFAULT NULL COMMENT '父级ID',
  `CODE` VARCHAR(30) CHARACTER SET UTF8MB4 COLLATE UTF8MB4_GENERAL_CI NULL DEFAULT NULL COMMENT '唯一分类码',
  `NAME` VARCHAR(255) CHARACTER SET UTF8MB4 COLLATE UTF8MB4_GENERAL_CI NULL DEFAULT NULL COMMENT '分类名字',
  PRIMARY KEY (`ID`) USING BTREE
) ENGINE = INNODB CHARACTER SET = UTF8MB4 COLLATE = UTF8MB4_GENERAL_CI ROW_FORMAT = DYNAMIC;

-- ----------------------------
-- RECORDS OF SYS_CUS_FIELD_CATE
-- ----------------------------
INSERT INTO `SYS_CUS_FIELD_CATE` VALUES ('a59a939eb3a546f2bf49c41f5257c8bc', NULL, 'default', '系统默认');
INSERT INTO `SYS_CUS_FIELD_CATE` VALUES ('b4dea09172394cf6a02aa8e9790b94df', NULL, 'customer', '客户管理');
INSERT INTO `SYS_CUS_FIELD_CATE` VALUES ('bbe9fdbde831453482afef5747a25e0b', NULL, 'workorder', '工单管理');
INSERT INTO `SYS_CUS_FIELD_CATE` VALUES ('c3021e2f4b604b3285662907c969e2c1', NULL, 'public', '公用字段');

-- ----------------------------
-- TABLE STRUCTURE FOR SYS_CUS_FIELD_VAL
-- ----------------------------
DROP TABLE IF EXISTS `SYS_CUS_FIELD_VAL`;
CREATE TABLE `SYS_CUS_FIELD_VAL`  (
  `ID` VARCHAR(32) CHARACTER SET UTF8MB4 COLLATE UTF8MB4_GENERAL_CI NOT NULL COMMENT '主键ID',
  `FIELD_ID` VARCHAR(32) CHARACTER SET UTF8MB4 COLLATE UTF8MB4_GENERAL_CI NULL DEFAULT NULL COMMENT '字段ID',
  `VAL` VARCHAR(128) CHARACTER SET UTF8MB4 COLLATE UTF8MB4_GENERAL_CI NULL DEFAULT NULL COMMENT '字段值',
  PRIMARY KEY (`ID`) USING BTREE
) ENGINE = INNODB CHARACTER SET = UTF8MB4 COLLATE = UTF8MB4_GENERAL_CI COMMENT = '自定义字段' ROW_FORMAT = DYNAMIC;

-- ----------------------------
-- Records of SYS_CUS_FIELD_VAL
-- ----------------------------
INSERT INTO `SYS_CUS_FIELD_VAL` VALUES ('1be83da03e0d474292e6f5f1927f2c96', '576e177d32c7420ab721e2b1e6bf60d2', '售中');
INSERT INTO `SYS_CUS_FIELD_VAL` VALUES ('2efb6764d1094efa949bfa5020e6c616', '3b4526f278b147e8b261fe49bdf28407', '自动');
INSERT INTO `SYS_CUS_FIELD_VAL` VALUES ('305a2c1a0e9a4b348da974c607d07a98', 'e895e1275a4f4dd8a77a30bc2b02aa7a', '售中');
INSERT INTO `SYS_CUS_FIELD_VAL` VALUES ('553d73af5c294329be5722a129108b5f', 'e895e1275a4f4dd8a77a30bc2b02aa7a', '售前');
INSERT INTO `SYS_CUS_FIELD_VAL` VALUES ('85066f63569d4504a17b42c27f82319a', '3b4526f278b147e8b261fe49bdf28407', '手动');
INSERT INTO `SYS_CUS_FIELD_VAL` VALUES ('96ce7c053f3747ffb76591d24a98f28c', 'e895e1275a4f4dd8a77a30bc2b02aa7a', '售后');
INSERT INTO `SYS_CUS_FIELD_VAL` VALUES ('9c91e8826ff74c58b879fe607b435f81', '8c25679414ed48e8a4c3a4358a06d3b0', 'VIP');
INSERT INTO `SYS_CUS_FIELD_VAL` VALUES ('b9bf75f0eef741ee834adfaf877e5783', '576e177d32c7420ab721e2b1e6bf60d2', '售前');
INSERT INTO `SYS_CUS_FIELD_VAL` VALUES ('d558fd3f5c8b4d8bba7753ecc35c6dd7', '8c25679414ed48e8a4c3a4358a06d3b0', '普通');
INSERT INTO `SYS_CUS_FIELD_VAL` VALUES ('eaed3f44b2504e48bd6b1d02dd87dc66', '576e177d32c7420ab721e2b1e6bf60d2', '售后');

-- ----------------------------
-- TABLE STRUCTURE FOR SYS_OP_LOG_MODULE
-- ----------------------------
DROP TABLE IF EXISTS `SYS_OP_LOG_MODULE`;
CREATE TABLE `SYS_OP_LOG_MODULE`  (
  `ID` VARCHAR(32) CHARACTER SET UTF8MB4 COLLATE UTF8MB4_GENERAL_CI NOT NULL COMMENT 'ID',
  `NAME` VARCHAR(255) CHARACTER SET UTF8MB4 COLLATE UTF8MB4_GENERAL_CI NULL DEFAULT NULL COMMENT '模块名',
  `PARENT_CODE` INT(11) NULL DEFAULT NULL COMMENT '父级模块数字标识',
  `CODE` INT(11) NULL DEFAULT NULL COMMENT '模块数字标识',
  `APP_TAG` VARCHAR(20) CHARACTER SET UTF8MB4 COLLATE UTF8MB4_GENERAL_CI NULL DEFAULT NULL COMMENT '所属应用标签',
  PRIMARY KEY (`ID`) USING BTREE
) ENGINE = INNODB CHARACTER SET = UTF8MB4 COLLATE = UTF8MB4_GENERAL_CI ROW_FORMAT = DYNAMIC;

-- ----------------------------
-- RECORDS OF SYS_OP_LOG_MODULE
-- ----------------------------
INSERT INTO `SYS_OP_LOG_MODULE` VALUES ('9a7852301a224d189d9c76450aa99999', '所有模块', NULL, 99999, 'all');
INSERT INTO `SYS_OP_LOG_MODULE` VALUES ('9a7852301a224d189d9c76450ad71000', '用户', 99999, 1000, 'aicc-bp');
INSERT INTO `SYS_OP_LOG_MODULE` VALUES ('9a7852301a224d189d9c76450ad71001', '坐席管理', 1000, 1001, 'aicc-bp');
INSERT INTO `SYS_OP_LOG_MODULE` VALUES ('9a7852301a224d189d9c76450ad71002', '角色权限管理', 1000, 1002, 'aicc-bp');
INSERT INTO `SYS_OP_LOG_MODULE` VALUES ('9a7852301a224d189d9c76450ad71003', '技能组管理', 1000, 1003, 'aicc-bp');
INSERT INTO `SYS_OP_LOG_MODULE` VALUES ('9a7852301a224d189d9c76450ad72000', '系统', 99999, 2000, 'aicc-bp');
INSERT INTO `SYS_OP_LOG_MODULE` VALUES ('9a7852301a224d189d9c76450ad72001', '自定义字段', 2000, 2001, 'aicc-bp');
INSERT INTO `SYS_OP_LOG_MODULE` VALUES ('9a7852301a224d189d9c76450ad72002', '操作记录', 2000, 2002, 'aicc-bp');
INSERT INTO `SYS_OP_LOG_MODULE` VALUES ('9a7852301a224d189d9c76450ad72003', '路由策略应用', 2000, 2003, 'aicc-bp');
INSERT INTO `SYS_OP_LOG_MODULE` VALUES ('9a7852301a224d189d9c76450ad72004', '路由策略管理', 2000, 2004, 'aicc-bp');
INSERT INTO `SYS_OP_LOG_MODULE` VALUES ('9a7852301a224d189d9c76450ad73000', '客户', 99999, 3000, 'aicc-crm');
INSERT INTO `SYS_OP_LOG_MODULE` VALUES ('9a7852301a224d189d9c76450ad73001', '客户管理', 3000, 3001, 'aicc-crm');
INSERT INTO `SYS_OP_LOG_MODULE` VALUES ('9a7852301a224d189d9c76450ad73002', '计划管理', 3000, 3002, 'aicc-crm');
INSERT INTO `SYS_OP_LOG_MODULE` VALUES ('9a7852301a224d189d9c76450ad73003', '客户信息', 3000, 3003, 'aicc-crm');
INSERT INTO `SYS_OP_LOG_MODULE` VALUES ('9a7852301a224d189d9c76450ad73004', '客户标签', 3000, 3004, 'aicc-crm');
INSERT INTO `SYS_OP_LOG_MODULE` VALUES ('9a7852301a224d189d9c76450ad73005', '黑名单客户', 3000, 3005, 'aicc-crm');
INSERT INTO `SYS_OP_LOG_MODULE` VALUES ('9a7852301a224d189d9c76450ad73006', '客户保存规则', 3000, 3006, 'aicc-crm');
INSERT INTO `SYS_OP_LOG_MODULE` VALUES ('9a7852301a224d189d9c76450ad73007', '联系计划设置', 3000, 3007, 'aicc-crm');
INSERT INTO `SYS_OP_LOG_MODULE` VALUES ('9a7852301a224d189d9c76450ad73008', '当前客户', 3000, 3008, 'aicc-crm');
INSERT INTO `SYS_OP_LOG_MODULE` VALUES ('9a7852301a224d189d9c76450ad74000', '工单', 99999, 4000, 'aicc-order');
INSERT INTO `SYS_OP_LOG_MODULE` VALUES ('9a7852301a224d189d9c76450ad74001', '工单模板', 4000, 4001, 'aicc-order');
INSERT INTO `SYS_OP_LOG_MODULE` VALUES ('9a7852301a224d189d9c76450ad74002', '工单管理', 4000, 4002, 'aicc-order');
INSERT INTO `SYS_OP_LOG_MODULE` VALUES ('9a7852301a224d189d9c76450ad75000', '呼叫', 99999, 5000, 'aicc-icall');
INSERT INTO `SYS_OP_LOG_MODULE` VALUES ('9a7852301a224d189d9c76450ad75001', '任务管理', 5000, 5001, 'aicc-icall');
INSERT INTO `SYS_OP_LOG_MODULE` VALUES ('9a7852301a224d189d9c76450ad75002', '重呼策略管理', 5000, 5002, 'aicc-icall');
INSERT INTO `SYS_OP_LOG_MODULE` VALUES ('9a7852301a224d189d9c76450ad75003', '日期管理', 5000, 5003, 'aicc-icall');
INSERT INTO `SYS_OP_LOG_MODULE` VALUES ('9a7852301a224d189d9c76450ad75004', '线路管理', 5000, 5004, 'aicc-icall');
INSERT INTO `SYS_OP_LOG_MODULE` VALUES ('9a7852301a224d189d9c76450ad75005', '外呼黑名单管理', 5000, 5005, 'aicc-icall');
INSERT INTO `SYS_OP_LOG_MODULE` VALUES ('9a7852301a224d189d9c76450ad75006', '应用管理', 5000, 5006, 'aicc-icall');
INSERT INTO `SYS_OP_LOG_MODULE` VALUES ('9a7852301a224d189d9c76450ad75007', '呼入黑名单管理', 5000, 5007, 'aicc-icall');
INSERT INTO `SYS_OP_LOG_MODULE` VALUES ('9a7852301a224d189d9c76450ad75008', '流程设置', 5000, 5008, 'aicc-icall');
INSERT INTO `SYS_OP_LOG_MODULE` VALUES ('9a7852301a224d189d9c76450ad75009', '知识管理', 5000, 5009, 'aicc-icall');
INSERT INTO `SYS_OP_LOG_MODULE` VALUES ('9a7852301a224d189d9c76450ad75010', '外呼通话日志', 5000, 5010, 'aicc-icall');
INSERT INTO `SYS_OP_LOG_MODULE` VALUES ('9a7852301a224d189d9c76450ad75011', '名单结果详情', 5000, 5011, 'aicc-icall');
INSERT INTO `SYS_OP_LOG_MODULE` VALUES ('9a7852301a224d189d9c76450ad75012', '呼入通话日志', 5000, 5012, 'aicc-icall');
INSERT INTO `SYS_OP_LOG_MODULE` VALUES ('9a7852301a224d189d9c76450ad75013', '操作日志', 5000, 5013, 'aicc-icall');
INSERT INTO `SYS_OP_LOG_MODULE` VALUES ('9a7852301a224d189d9c76450ad75014', '外呼报表', 5000, 5014, 'aicc-icall');
INSERT INTO `SYS_OP_LOG_MODULE` VALUES ('9a7852301a224d189d9c76450ad75015', '呼入报表', 5000, 5015, 'aicc-icall');

-- ----------------------------
-- TABLE STRUCTURE FOR SYS_PLATFORM_ACD
-- ----------------------------
DROP TABLE IF EXISTS `SYS_PLATFORM_ACD`;
CREATE TABLE `SYS_PLATFORM_ACD`  (
  `ID` VARCHAR(32) CHARACTER SET UTF8MB4 COLLATE UTF8MB4_GENERAL_CI NOT NULL COMMENT '主键',
  `SOURCE_ID` VARCHAR(32) CHARACTER SET UTF8MB4 COLLATE UTF8MB4_GENERAL_CI NULL DEFAULT NULL COMMENT '渠道来源主键',
  `ACD_ID` VARCHAR(32) CHARACTER SET UTF8MB4 COLLATE UTF8MB4_GENERAL_CI NULL DEFAULT NULL COMMENT '策略ID',
  `CREATOR` VARCHAR(32) CHARACTER SET UTF8MB4 COLLATE UTF8MB4_GENERAL_CI NULL DEFAULT NULL COMMENT '创建者',
  `EDITOR` VARCHAR(32) CHARACTER SET UTF8MB4 COLLATE UTF8MB4_GENERAL_CI NULL DEFAULT NULL COMMENT '编辑者',
  `CREATE_TIME` DATETIME(0) NULL DEFAULT NULL COMMENT '创建时间',
  `EDIT_TIME` DATETIME(0) NULL DEFAULT NULL COMMENT '编辑时间',
  PRIMARY KEY (`ID`) USING BTREE
) ENGINE = INNODB CHARACTER SET = UTF8MB4 COLLATE = UTF8MB4_GENERAL_CI ROW_FORMAT = DYNAMIC;

-- ----------------------------
-- TABLE STRUCTURE FOR SYS_PLATFORM_DETAIL
-- ----------------------------
DROP TABLE IF EXISTS `SYS_PLATFORM_DETAIL`;
CREATE TABLE `SYS_PLATFORM_DETAIL`  (
  `ID` VARCHAR(32) CHARACTER SET UTF8MB4 COLLATE UTF8MB4_GENERAL_CI NOT NULL,
  `PLATFORM_TAG` VARCHAR(100) CHARACTER SET UTF8MB4 COLLATE UTF8MB4_GENERAL_CI NULL DEFAULT NULL COMMENT '平台标签',
  `PLATFORM_NAME` VARCHAR(100) CHARACTER SET UTF8MB4 COLLATE UTF8MB4_GENERAL_CI NULL DEFAULT NULL COMMENT '平台名称',
  `SPA_ID` VARCHAR(32) CHARACTER SET UTF8MB4 COLLATE UTF8MB4_GENERAL_CI NULL DEFAULT NULL COMMENT '渠道应用策略主表ID',
  `DIMENSION` VARCHAR(1000) CHARACTER SET UTF8MB4 COLLATE UTF8MB4_GENERAL_CI NULL DEFAULT NULL COMMENT '维度信息',
  PRIMARY KEY (`ID`) USING BTREE
) ENGINE = INNODB CHARACTER SET = UTF8MB4 COLLATE = UTF8MB4_GENERAL_CI ROW_FORMAT = DYNAMIC;


-- ----------------------------
-- TABLE STRUCTURE FOR SYS_PLATFORM_SOURCE
-- ----------------------------
DROP TABLE IF EXISTS `SYS_PLATFORM_SOURCE`;
CREATE TABLE `SYS_PLATFORM_SOURCE`  (
  `ID` VARCHAR(32) CHARACTER SET UTF8MB4 COLLATE UTF8MB4_GENERAL_CI NOT NULL,
  `SOURCE_NAME` VARCHAR(100) CHARACTER SET UTF8MB4 COLLATE UTF8MB4_GENERAL_CI NULL DEFAULT NULL COMMENT '渠道来源名称',
  `FIXED_CHANNEL` VARCHAR(255) CHARACTER SET UTF8MB4 COLLATE UTF8MB4_GENERAL_CI NULL DEFAULT NULL COMMENT '固定渠道',
  `EX1` VARCHAR(255) CHARACTER SET UTF8MB4 COLLATE UTF8MB4_GENERAL_CI NULL DEFAULT NULL,
  `EX2` VARCHAR(255) CHARACTER SET UTF8MB4 COLLATE UTF8MB4_GENERAL_CI NULL DEFAULT NULL,
  `EX3` VARCHAR(255) CHARACTER SET UTF8MB4 COLLATE UTF8MB4_GENERAL_CI NULL DEFAULT NULL,
  PRIMARY KEY (`ID`) USING BTREE
) ENGINE = INNODB CHARACTER SET = UTF8MB4 COLLATE = UTF8MB4_GENERAL_CI ROW_FORMAT = DYNAMIC;

-- ----------------------------
-- RECORDS OF SYS_PLATFORM_SOURCE
-- ----------------------------
INSERT INTO `SYS_PLATFORM_SOURCE` VALUES ('1', 'iBot-PRO', 'pro_', NULL, NULL, NULL);

-- ----------------------------
-- TABLE STRUCTURE FOR SYS_VISIT_ORIGIN
-- ----------------------------
DROP TABLE IF EXISTS `SYS_VISIT_ORIGIN`;
CREATE TABLE `SYS_VISIT_ORIGIN`  (
  `ID` VARCHAR(32) CHARACTER SET UTF8MB4 COLLATE UTF8MB4_GENERAL_CI NOT NULL COMMENT '主键',
  `TAG` VARCHAR(50) CHARACTER SET UTF8MB4 COLLATE UTF8MB4_GENERAL_CI NULL DEFAULT NULL COMMENT '唯一标识',
  `ORIGIN_NAME` VARCHAR(255) CHARACTER SET UTF8MB4 COLLATE UTF8MB4_GENERAL_CI NULL DEFAULT NULL COMMENT '访客渠道名',
  PRIMARY KEY (`ID`) USING BTREE
) ENGINE = INNODB CHARACTER SET = UTF8MB4 COLLATE = UTF8MB4_GENERAL_CI ROW_FORMAT = DYNAMIC;

-- ----------------------------
-- RECORDS OF SYS_VISIT_ORIGIN
-- ----------------------------
INSERT INTO `SYS_VISIT_ORIGIN` VALUES ('8e40b4cd2e9b4b0aaadb2905a17eb57a', 'weixin', '微信');
INSERT INTO `SYS_VISIT_ORIGIN` VALUES ('9a7fbe0bb5cc4302b997374101f04052', 'web', '网页');

SET FOREIGN_KEY_CHECKS = 1;
